id,pred
20,970.8842845988288
34,1155.5143760968767
51,977.3617047132801
97,1008.3816935237978
107,1013.2640387801655
170,664.9513284899025
316,722.4281087489735
317,1182.258243987306
319,1037.2911015551645
324,899.7333438747921
334,902.8171229808697
512,1463.5055658768833
551,1193.9225048072421
621,855.9239167953267
697,1220.8038769602454
739,1332.9389331012565
834,1011.9707896059206
971,1101.2716529550187
972,1037.067198193294
1104,1172.3162724433032
1108,1155.2350483922687
1184,1302.7708527788777
1209,764.8843498560104
1409,1089.3661662352213
1577,1235.1488465618384
1632,974.3523063518371
1656,967.2256526700774
1661,990.9564470335912
1663,1202.8194443286893
1714,889.6612052239585
1733,1395.7492341843838
1759,1152.5437837646919
1771,693.0186459732485
1865,956.8441712457704
1892,1008.5929510731842
1924,1187.9478661479475
1966,1040.3124168304134
2040,736.7999193527594
2111,1035.1624473650998
2200,876.2032459486161
2214,981.1188636644554
2233,1389.3078143387038
2255,1085.186831039823
2317,1169.2032671943573
2421,1171.5267226391804
2448,760.5151900540342
2516,857.9359707016512
2543,1281.5684915521128
2674,1221.9653442744293
2834,1320.7274003731436
2847,1398.6475328101849
2907,1496.3861887649123
2927,1393.2775012508598
3066,1460.5048863716797
3081,1172.7742480423894
3106,1377.3843435989374
3144,1080.4093279467133
3195,920.8584836062038
3211,820.8991312539057
3388,1183.3128152863403
3405,657.2492838888693
3430,1241.3513091541267
3435,1119.0114955933827
3818,883.9611772802607
3847,1251.6621693208858
3888,930.6510238545497
4000,1411.1611927082333
4017,1112.336909598868
4024,976.1131592395789
4099,895.6733498647949
4131,1145.4954308085094
4186,1353.6437661049758
4344,1136.804147261519
4355,1262.760154259134
4382,778.9850887330242
4399,898.3548357811269
4437,1061.7556208739566
4519,1149.31192706918
4693,1309.0633204274793
4709,1291.187359512105
4820,1440.6984039170693
4834,1037.1089145230226
4837,1000.3177071852891
4871,908.5686671796245
4891,1307.4027286745018
4979,1142.667373074572
5131,655.4505354059979
5352,1365.0937840088743
5382,1287.0853100229529
5415,1207.380509453556
5441,1410.906144496748
5493,1014.5449605787504
5538,1160.7930711557337
5999,1187.8848062355332
6102,1083.911247381347
6201,1067.2148396712178
6292,815.0342076389098
6324,1271.379741740334
6329,1112.0247291414832
6410,1414.617193497651
6429,1484.9927082208615
6455,836.3674983548449
6517,1374.1756514720382
6622,792.255915562253
6624,1116.5667268372918
6632,1032.8101228052944
6688,1066.4062695078762
6803,1147.3520657309446
7221,1265.3443376679052
7301,1016.6711088697488
7365,1122.5901711827325
7494,1237.7195814479817
7523,1436.0507549873628
7538,897.8674218435128
7566,857.4171602124777
7567,1488.8283303261715
7602,1402.184650601505
7723,895.5065177899517
7873,975.9971120501806
8029,994.0922767321816
8073,1120.3465334832038
8077,1056.8904420677352
8079,838.2607246343181
8143,1214.999991596402
8356,897.133328539322
8361,1042.7310373518121
8404,882.9007699808014
8448,1170.4645794242374
8459,1451.2258207378597
8533,1450.830220764256
8619,1340.2971144873582
8653,806.0022278119276
8695,768.4211102031161
8704,1103.5700236887876
8707,1187.562801540073
8723,1055.0029425656578
8794,877.987218641309
8966,891.6121612419423
9031,1245.741810434224
9051,1225.0628017364816
9138,885.2442825517504
9172,935.6789981591069
9203,1219.156567473515
9278,1180.5013132296367
9392,983.8124008880163
9411,905.06598423058
9476,1088.5379173341146
9548,876.823107170543
9580,1165.1559784326373
9746,1025.1614791044565
9920,1364.0440561382836
9973,1298.4728984165038
9994,1257.4589814362103
1,1082.3308521719825
4,795.4327002095273
9,1377.575204436622
11,1487.7349021016346
13,1180.8059617938807
15,841.596176185169
18,1239.036053971689
21,1353.1497072756013
24,1395.0611729308498
30,996.8687947965141
32,888.8229904224322
36,774.9969534490162
37,1139.513370311206
38,1016.9348638088197
40,1015.6537605963846
48,1037.9821878089235
59,1437.2097457451994
60,1108.4678808681108
77,813.729543566046
81,1340.1151393932582
89,1347.7793003056875
93,1213.0770381384086
94,1184.2423931630904
96,1076.3958971296147
102,969.2361042665066
104,1174.2111978901623
108,1015.1089302648061
109,1340.881580283697
120,1131.9610213991953
132,1023.9095977982104
133,952.5614252082306
136,1108.939053436708
145,1220.6121859530526
150,1352.4975924051344
158,1415.9279052696647
186,938.6060968635257
212,1290.6592101862705
213,825.4471162561216
218,918.1406436980941
222,1091.9237355249654
223,1037.8757443518814
234,1185.6962837769483
240,1485.5918079993644
246,876.9311216081603
249,1198.4172438055102
252,922.6262247327254
253,1293.555210079449
260,1254.758982044535
264,813.0962933575
266,1155.0188815659558
268,1424.4845464226537
275,925.9720217833094
287,943.1510265386003
291,1274.619536342659
292,1103.9609371707202
293,1310.2379343923878
304,1252.8763533239994
305,1098.3587526048793
312,965.2671000221667
322,1002.1536267982979
331,1440.2218297257552
335,1489.593474924333
336,1256.4091225735888
347,909.8369726543738
348,1163.957238339495
350,1087.5536964576277
354,1041.344150943079
361,1273.6461027274759
368,1003.7479851041952
377,1214.791350810366
380,1191.7758208723612
382,822.5182125762151
389,737.7416663833734
394,1358.10964631527
395,880.3655675537577
401,1071.4521805978736
409,1104.0309568879186
411,1074.7221167202474
417,1021.3377426729365
428,923.7347504603069
440,1192.562803170964
441,874.3978391037335
448,1117.2755284743669
451,1076.2997236716242
454,1323.6621111352401
458,1000.1968268593878
462,1091.2226134966625
463,1001.3505708711011
466,731.8912057684079
468,943.241862520866
475,909.547765862967
484,1273.2672304195964
488,1291.8956673026587
497,1103.9387505259333
501,740.1445705153245
510,979.5392906185035
511,1187.0058642251938
514,1228.7664754081347
519,1365.484647444338
533,1027.0132862753471
534,1215.84281473546
539,930.9288535786777
544,760.6030112089453
555,747.5045682149649
564,1273.5616826177525
568,1021.3527899787975
569,1126.6569355795702
577,931.3856388582051
578,842.8492673425399
583,1218.012062605304
587,1169.9809347977246
591,1275.4852115350461
592,1488.286745336782
593,1174.2875242934865
595,905.5201614883234
604,1158.93683832681
606,1137.013642947062
612,908.3059359732015
618,1401.4215647603837
622,1168.2256958283097
624,1183.4492511347978
625,1119.931678081356
626,1114.3396149914593
638,1181.5648934833407
648,1442.9846192414439
654,1242.2919816981457
656,802.3862922484196
669,1165.125690879804
674,1385.5164500439741
677,848.8404668563941
684,1214.9222722304235
701,1318.3441339291355
706,813.016262647386
709,1241.3236233430853
711,1079.7784412950805
712,1099.3297242930144
713,581.1167862416396
714,948.7031627249455
716,1092.8121192803899
725,1225.9205275195654
731,800.5646770113516
734,1182.6644102713435
736,947.4194254270445
737,1232.923778066076
743,1056.7433021248312
744,821.1721704851989
746,1256.7364224210696
748,957.7411848122458
759,1163.5573852650477
762,850.4859229131735
764,871.2511096873093
765,1232.991602381779
766,965.9208489639924
767,1199.82995141253
775,1356.7065049795335
783,1117.9841395717754
790,941.4376990408224
795,966.4171458057467
796,831.2927504038574
800,906.870657524547
810,1100.6406669297448
829,1134.7535542788519
838,1237.4945212412886
842,1168.8770583978092
851,1039.481026648818
853,1063.505633737298
857,938.1766549967464
859,924.2340357917662
867,917.1787917048318
872,1424.8054567937722
873,1091.3542622750278
880,997.5574362680721
884,1181.2815059399088
907,1160.2879500829922
909,959.3845585576389
915,1120.2348753474769
922,869.0249680516011
928,1254.489197798621
933,1089.9811269154513
935,1266.3183911258066
941,675.0033170813851
953,1439.8505256167791
959,1371.2236693565753
961,1162.7817788414256
965,1187.1046317907703
966,1080.1208967532825
968,1068.1885356626306
994,1051.8802629994304
995,1110.4679520949157
1003,1048.6768102338974
1010,1457.9067080546606
1011,869.7889111252474
1019,1300.57006717145
1021,1433.530532963789
1023,1357.8276868791027
1027,1282.569002929298
1035,814.0245795033388
1039,1159.9368249627496
1047,1354.640105147171
1057,1091.9097744658413
1058,1167.289175967864
1069,929.9404095057519
1072,1255.9898605859491
1077,1313.3794211653478
1079,1061.7586009258987
1085,883.7848674461726
1088,1005.3288612651836
1091,1155.8670683261132
1096,1256.1503604754585
1110,1026.4456036218776
1112,896.3743211193288
1113,1411.0743236360163
1114,822.07839327423
1122,874.8328001326245
1124,1099.298368032768
1128,1255.9804789537025
1143,1060.3098051959118
1145,1125.7437549232166
1146,839.8374427562136
1148,777.4631866504035
1150,777.0353680691431
1154,1126.5650824316663
1156,679.1217250577695
1157,1493.1843149723607
1163,1070.135062843075
1176,1325.3732924038047
1181,1144.2190915296922
1189,1280.9437491093558
1191,1257.8895432565478
1195,1307.4031123673303
1196,848.5561543219242
1198,1283.5713948249909
1200,1335.4418650386851
1211,1327.4921310462178
1218,1309.16009523727
1221,1127.9218025922737
1223,943.594184507991
1225,784.2829186739842
1246,1132.684591147157
1248,1169.7462636736934
1251,1244.6242465352475
1254,952.5078076137305
1255,1317.0657340030298
1262,1126.3017352060886
1264,1163.949984696081
1278,1240.6435081921309
1286,1132.7330431535188
1296,1256.76679066614
1298,1437.4143723714676
1311,1037.8958156777555
1314,1374.8466452875566
1315,889.9191392551533
1316,1120.226427477212
1319,1338.5161076890988
1329,1229.7788212247237
1331,1173.749170819802
1340,1076.8454841055122
1347,991.9921232260479
1348,1094.509643569578
1350,839.4595620365003
1356,1470.172323073777
1361,1007.0377592563498
1370,1215.6979460147872
1373,1024.7993493830961
1374,978.6275403160464
1384,1462.0528665795941
1393,896.5313843883935
1394,1464.1040383630395
1401,779.9145594283254
1403,920.3695183811678
1407,961.5360950329358
1414,991.7648622017085
1419,1079.5982600493917
1427,1138.1095545163091
1430,1455.6318546092693
1433,1021.8080058665864
1439,916.6686964398332
1442,1274.8363741279902
1447,1483.3796691414323
1454,1347.842880728057
1459,1376.3350168168731
1471,804.4909744648688
1473,890.3038256628822
1480,1325.9659455018552
1483,747.3762520617786
1484,1228.956430457641
1489,1296.690892192903
1495,1035.086314259488
1497,937.0128049598958
1499,1323.4439149447894
1502,1296.406685210445
1510,1440.2731923548556
1513,1004.4715255101383
1514,1471.052813597346
1517,817.0203912164188
1528,887.2289872736796
1531,1163.6036821030873
1537,1188.32163150372
1544,728.4873367864143
1545,1140.1987966309675
1551,1369.2493249922825
1559,882.8738313722408
1563,1123.4494055690614
1569,880.9192260296303
1570,947.3934877366613
1576,1143.1027572344512
1579,1021.9133949276891
1594,1188.7340094816868
1596,1037.696053996979
1598,1009.8602050938075
1600,1285.9940047395482
1607,838.6072003365368
1609,750.7618416913144
1617,1157.2277837893403
1618,1111.5278544224939
1619,1085.317539062482
1624,1439.0702145565576
1627,741.5226564021052
1643,1207.1115797353973
1651,988.8194544748435
1659,1453.110607071964
1672,1171.317972195413
1673,805.374365558811
1684,1000.833511784819
1685,1051.680285133333
1689,742.2017786401789
1692,1288.177866547392
1693,1006.8848076519154
1703,1143.6381325434677
1719,800.9812771985472
1727,1422.6851306397916
1731,999.4930497987218
1732,1018.8984025644055
1738,1181.5470128336667
1740,1374.412330044132
1741,1364.058531081847
1742,1148.0131288269508
1747,946.5969289219996
1748,723.496599861137
1761,1423.312539712926
1766,1476.8321091399773
1769,1284.9677511376499
1776,949.3675735966494
1781,880.3799757424813
1784,785.3993917278405
1786,1150.905725140734
1792,639.66192960186
1794,1347.096522259339
1795,1115.1600085151579
1796,1428.9678157748535
1804,939.5113531174751
1806,992.6822974920547
1808,1326.3717719177546
1818,1224.2736877426219
1826,1169.8559497477695
1834,1338.1050123606276
1836,1354.522191066307
1852,1156.497857398223
1863,1371.3060713088528
1878,1328.2526947226563
1881,904.8906762274682
1887,1340.0404852826332
1889,830.795912374763
1898,1089.5141912938439
1902,1238.7841695411255
1916,1177.0049191511678
1922,1083.5943004223911
1938,1422.1282768253318
1942,1386.1017022216201
1955,1224.3048497075135
1958,893.6425268808645
1964,919.4882398552581
1982,1383.492938460327
2013,1258.4797090459042
2019,1289.9736392218042
2021,963.5558359857797
2026,920.1827433838354
2030,1027.686586799068
2031,1397.1938162105914
2037,858.3420620030212
2046,900.0910898822859
2056,908.3176691784149
2068,1231.9412108482493
2070,843.4600296313979
2073,1122.7891682277477
2076,1222.0299790940417
2089,1006.5453632904749
2099,1408.0787662739574
2108,1402.2668559686958
2109,1262.6689419239801
2110,1238.794395995269
2115,1120.7792514971252
2123,783.1661893435107
2125,1171.3096651298997
2128,872.1085455892926
2129,1387.485713030239
2134,1128.1113426059828
2139,1428.1177911586894
2146,711.7353980751707
2148,1126.5310738084963
2150,1216.2339826925731
2151,926.0944146318823
2153,1029.3160600686276
2158,1209.7850272222875
2166,1227.0885820125884
2168,1367.6650159188898
2169,1344.5679017727082
2179,881.8306639579182
2184,841.2687581784462
2185,1208.3447029710724
2190,1338.0054084695491
2192,983.8351396221336
2211,1178.5187101802767
2216,1115.733815740848
2222,1232.0197080943456
2226,1205.0373083953677
2234,824.6392730128124
2237,1013.1173062430446
2240,1046.4009924311931
2246,1434.4552748163567
2250,781.3217810795023
2252,1347.67288620349
2253,851.7043247154005
2261,759.5956010097946
2271,1395.9660515098874
2274,1214.1914554084615
2276,837.3445064321954
2287,1307.0315560360555
2288,1284.3959506039723
2289,998.3412244541488
2292,1474.7763598384595
2302,1206.6510352041635
2304,1366.1086449299696
2305,1281.1064168739206
2311,1119.9501095424748
2329,1428.1501200262442
2336,919.5607052328427
2338,975.3891539470089
2341,1294.8824160479248
2345,1058.649009895926
2349,1021.7506022735055
2359,1207.5577907818479
2361,891.985483404255
2363,1292.3165331177245
2376,893.2451206134301
2378,1140.4462498062564
2393,1009.3179408791555
2406,874.0755308502646
2407,1155.2714679276214
2413,1013.9666074986391
2418,1122.428570108615
2454,999.2723588344641
2456,854.0797474612513
2459,960.8740229503314
2465,1293.1056698934103
2466,964.4440347202029
2474,919.9824135680188
2475,1260.7331501676447
2479,1300.1464948951743
2484,1159.0690387795462
2485,806.4417556246823
2486,1521.4362636059677
2487,825.9364913195514
2488,881.9431648263724
2493,1276.2234431558682
2499,877.0095038322672
2514,915.2704392120089
2517,1100.683827617369
2518,698.4737585549492
2520,818.1987356653475
2523,848.211564556466
2524,1005.5275963605358
2532,1122.7537220505808
2535,1209.973212855737
2541,1111.767669457929
2546,976.9508432197704
2555,1366.706893596025
2575,1232.727116840594
2587,722.4674204383033
2593,1191.2130903183759
2603,1305.0814904693837
2610,1402.5193402754567
2612,1291.7795545330118
2615,834.7469163214274
2616,1191.046550046131
2620,1040.2552792786794
2621,1134.2866697004174
2626,1109.6321136822626
2628,952.7458835973717
2665,990.2769996509342
2679,1148.3301892802695
2681,739.709710704574
2686,999.2124533101199
2689,806.2905561968129
2690,1027.3822366567847
2693,1084.763978673053
2698,1194.2382008864554
2699,1327.6649162072965
2702,1038.2665406764368
2708,777.8375024988352
2733,934.5989073926278
2738,1217.1030730155544
2743,1225.6112957989812
2749,1385.452853728142
2751,1043.2136126530602
2754,1036.8131070515672
2755,1188.1567134650893
2767,859.5714018096298
2770,1198.308131453563
2771,1305.0616290584255
2772,1187.9562539227086
2778,1312.5529415301405
2795,1156.1423495009446
2803,1269.2483754290167
2819,900.1854925388775
2821,1042.577607399132
2824,1448.6952490223118
2841,830.8379323270543
2856,1115.7336443598954
2863,928.1287909615234
2865,1443.355235501183
2868,1395.2169883699469
2869,847.3525447195914
2875,1165.4576260301978
2877,706.6641417387374
2883,995.9437612250155
2885,1355.2872410529308
2886,1053.8118506032936
2887,1191.7606334816328
2895,834.7302329402257
2908,1399.9523014547237
2909,915.9798458632491
2911,1440.7962547672473
2914,1012.0811157190986
2923,1068.5535885689026
2928,983.9630152730682
2931,1162.6619067558318
2933,816.8866907363475
2936,778.0995508054395
2944,1209.1860516267986
2946,977.6530308798556
2955,927.6750483402509
2956,1257.1807578257158
2957,862.7889094282226
2974,1240.6259440543881
2983,1167.4345819609414
2992,1161.3903672389674
2996,1244.1929421489917
2998,1355.765087443176
3001,1128.576430648996
3003,1022.7837635227631
3007,1449.5239815939349
3008,1300.5361970181848
3012,1271.5291957799789
3013,692.2928821628341
3016,828.4205173884534
3018,1060.090523356415
3019,1203.4322320369433
3020,1186.4165987844247
3022,901.7214999616134
3024,710.1243322803734
3026,1150.7718108174452
3028,968.8433730576236
3033,1356.7449041081081
3034,1246.8164133082544
3035,1290.3238757101567
3038,1106.1745784598404
3040,1038.653777908036
3044,1097.660153331276
3046,897.9867473490914
3048,920.0551963095807
3054,1340.262784295935
3058,1317.0423213649865
3059,1217.8230293893455
3061,919.3655769997182
3062,1057.0351053470379
3065,1233.024289494383
3071,850.0064059185981
3078,1318.190867592491
3080,1466.1989702884612
3083,1499.983014324326
3095,1387.602372764266
3096,951.6964869291234
3101,1355.6443495292192
3102,1156.8901816305893
3123,1464.888772275101
3124,913.4175913265019
3126,1030.930760577031
3128,1073.101389841791
3131,1171.9333323483452
3132,1369.5961048053066
3133,854.9693205296782
3146,856.2141888001747
3147,1284.0969832378637
3149,916.6757332211919
3150,1102.8143606662898
3152,1312.38670078601
3155,1464.388661380578
3161,1394.2263186380123
3173,864.445984919432
3185,1305.02703690194
3188,1061.1512578050133
3205,1017.6431446689795
3206,1041.4037421161704
3207,808.6019339894683
3209,1171.1970319689171
3232,1018.1366731474499
3239,943.5195618045603
3246,1180.5401102865012
3252,1363.30271256579
3258,1197.321656914239
3280,1108.93582644149
3282,1444.4194812322348
3283,1116.9818967028011
3285,1495.0576123950123
3289,1077.9524979802495
3296,1398.6284931629766
3306,1492.090555230759
3310,1141.105091739969
3313,740.3887545387516
3315,1171.6941858538019
3318,1220.230053622614
3320,1274.4510723462242
3326,875.54456536
3330,1036.3745912829172
3335,1250.025275699406
3338,994.9611932430909
3339,1240.8886761874965
3351,1042.506986934302
3352,994.6950564994041
3353,1085.397306221822
3356,987.4358269580827
3376,1384.0328204608684
3380,805.8289850414773
3384,680.7868586219545
3393,1109.7863569882675
3394,1311.8265138786314
3397,925.9514123187608
3398,1444.6208731353954
3400,770.1599754387593
3401,823.8085629628988
3411,1121.1885869767832
3412,1029.6072029985312
3413,830.1483754317359
3444,1184.0644697515868
3449,1038.2317345814351
3456,1195.0188162147524
3459,880.8579432010149
3464,1220.8295537929118
3465,991.2286010686264
3466,1178.867250214093
3468,1283.2683561258636
3471,1007.6771699379565
3474,955.3824427969276
3482,1224.3397025145175
3483,1028.3274665858657
3486,1195.5621209567298
3488,1297.2169089529189
3498,902.4490041176808
3502,1170.1972242889728
3510,1408.4802094165525
3520,1025.6186822320892
3521,791.8421550772268
3525,1353.4348221871073
3527,1336.7795040066283
3529,1121.3109957084653
3530,608.6590873458683
3534,1201.0737322271298
3536,1287.861948584387
3542,1087.6536489455457
3551,1039.5419531299162
3556,1083.2552099458194
3571,768.947844272758
3575,1004.9355561955965
3583,1327.2868630008336
3596,1035.5095011567498
3598,1375.105288106662
3609,1272.116249849885
3616,918.3928004508545
3617,1242.834895720942
3622,1277.123823730548
3626,955.5238849124969
3640,777.4955103350727
3644,950.292316211311
3647,879.9814401667431
3648,1264.499031343829
3650,824.4885313816695
3654,1394.355756542042
3663,1141.5346301285024
3667,1042.427482832452
3669,863.0985164344727
3685,1312.2969148981701
3687,1059.400622996063
3704,1303.520392678196
3705,1309.1276625891808
3707,892.1558621736032
3709,1218.9223984818395
3724,730.7583098496941
3743,1335.751334156896
3746,1385.3285157468401
3756,956.8176574483764
3768,946.761809408732
3772,1030.146649727942
3774,1451.9603762618908
3777,1182.986496446195
3781,878.801301776826
3783,840.3857554255906
3788,1077.3912401751077
3791,850.9054755701432
3799,889.4272322609926
3814,1284.234437291657
3835,1301.8826006452769
3838,989.2278563987276
3843,1017.4461006077835
3854,942.8965254926514
3858,1268.6218277386424
3860,1254.5116914291661
3861,1227.453353044467
3870,988.1007573480322
3873,1138.5374487182776
3890,1427.322470068565
3895,902.6806069435373
3899,1103.018191410567
3913,1408.5772847848186
3915,1156.6286920413384
3922,966.9212171794799
3934,1058.6636223440582
3935,936.4111218697835
3938,1256.5012441953631
3949,1050.8754045372066
3950,1198.3327918858395
3961,1134.5125545938274
3972,1327.7717763406536
3974,888.13533589494
3990,1228.6230800919725
3993,864.7750089261455
4004,973.2673629707708
4012,1301.9965801328142
4023,1337.0600049854147
4039,1424.1772555343468
4047,1245.2533801082895
4048,1137.9309407850913
4049,1011.6745924382041
4050,1409.9678236300576
4059,1256.5661884038338
4065,1104.637734036556
4068,837.3387805736548
4072,1086.664936276553
4077,947.7797021597955
4081,942.1430832045264
4082,1187.5580264537125
4085,963.6396110001218
4093,994.8199977934943
4100,1109.4196322067558
4101,1147.6528654803938
4103,796.3137990843497
4111,870.50058981716
4113,1056.5613324763117
4114,1147.4995424811252
4116,961.5548372255141
4123,999.90570394787
4124,1071.3659826100252
4133,1250.9579332394796
4140,1381.9485035286566
4141,983.9844084133499
4150,934.9905842101766
4152,1171.0551120687626
4171,782.9625452990581
4182,1056.4216647705643
4191,1432.2356476144198
4192,841.0332037790953
4194,1316.342436520143
4195,1061.5247128445092
4203,1215.8624426675822
4206,1333.400218964986
4211,1233.5267374533025
4217,1306.6818085261548
4218,724.4013689308435
4221,1097.8947554968613
4229,1210.6000894942954
4230,1152.9029914647062
4231,1019.312581605294
4240,704.275225399973
4249,936.1359947845812
4253,1011.1027518288743
4255,724.4106865356983
4270,1143.160556798633
4272,981.1207996198751
4289,1290.8358926619442
4295,700.9274699712882
4303,757.180027906234
4314,1044.0413299804306
4322,939.8441091865707
4327,1055.976068753158
4330,823.2089283126052
4338,1223.7610144512823
4339,812.5299196921242
4340,930.214624862587
4342,1190.7592879363574
4343,1299.6375804909762
4345,912.3889927400525
4346,1023.6035252855997
4348,1037.593608639773
4351,1156.9428822799212
4363,859.5607143521047
4368,1253.4341721335136
4373,1146.9507859079904
4375,1065.8302422869585
4387,1294.2052316786824
4395,1105.5171946033697
4396,1344.1597629980959
4398,1111.496664953209
4415,1060.5393490428003
4419,822.7433716242904
4424,1347.824212831605
4439,660.7563286323921
4443,1158.295572954738
4448,945.6301858080167
4451,1194.1292979035286
4464,1029.3469353598293
4468,1351.8329030366058
4475,1123.365182266549
4476,1138.563797419349
4478,839.0888534010649
4485,1412.3100216370103
4503,780.380645467201
4505,1295.910424229497
4507,1286.3599426794283
4512,862.4203765146173
4514,932.221429681034
4515,693.6920272313985
4517,722.8654624679612
4520,887.5999188524615
4522,1117.1437835085712
4535,979.5992224394404
4540,1101.9262616882656
4541,1360.0898978624834
4542,1087.8091992377556
4550,1067.8960850577146
4554,1348.3822705827906
4563,1093.0722521298735
4569,1331.1148138392168
4576,1357.7342781392686
4583,1048.5134176513188
4589,1136.6961265838493
4605,1054.0213377680363
4607,825.6919677661645
4608,1187.253983709742
4614,726.0347456885546
4624,1109.9470107253742
4626,784.661367064746
4631,1200.1154005741587
4632,988.1311671828266
4639,938.3929811428031
4641,827.6003638041668
4646,970.7570763197712
4650,1293.005020947754
4657,936.224124902984
4673,837.6992157403818
4685,1047.6271048262015
4686,1232.8455006985416
4690,1088.5131779759322
4696,1052.8464132810695
4699,1025.4560273119773
4705,787.1870163258836
4711,1411.4648364863913
4713,1390.9557182287479
4717,947.0007957671794
4722,1276.2530048387948
4732,1020.9383034008528
4735,1131.7547689928836
4741,998.1114911722243
4743,1329.9516302429595
4748,777.7230882307053
4752,1050.6845121192694
4769,1054.5986473388818
4772,948.6871977002625
4774,935.7614259936038
4776,1320.6111257798923
4780,1298.3309310362633
4783,945.4660693411151
4788,971.4631082952484
4794,1107.0225605334533
4798,970.2473566943797
4802,1249.2728049642492
4803,1301.7486179695177
4813,1369.0465252703623
4814,954.8298025480017
4817,1117.1354850283592
4823,1443.3976627913348
4827,1035.40228011174
4828,1167.2801398644517
4831,1217.947304699795
4849,950.6870600070337
4852,1020.0980883037709
4857,1224.1751138984955
4868,745.5898542726109
4872,1004.7561707249484
4873,797.2112428392652
4880,993.9884599427407
4882,714.3964143437672
4892,1399.5343768142443
4897,689.2020832196758
4899,1230.7287217549613
4900,1418.3958645729635
4901,1226.226125697239
4904,1300.7830709480565
4909,968.6390935310883
4915,1186.233207181656
4920,1461.5047997518898
4930,1410.2469151427265
4933,1442.4917774283501
4943,885.6102427849568
4948,1142.6346272672906
4950,845.1979823524673
4951,1212.9339979861152
4956,950.6869205120888
4958,919.7688584423349
4961,969.4326404416224
4964,1319.6542134053764
4975,1285.7710646555795
4976,1402.0857217820885
4983,1252.4322975013997
4984,943.4338819744747
4994,992.1592958977134
4996,861.6684328337293
5007,1154.728862518471
5013,923.1263298780592
5020,953.8830895918578
5027,1440.2666731752972
5029,902.8717281572676
5045,1024.4417647387343
5050,1079.7901516834925
5051,1219.7329990703047
5054,1108.265030985732
5063,935.4667558884296
5072,1223.3493716212088
5083,1064.3462000193977
5091,1418.5136818930628
5095,1412.548941072284
5099,1226.1297891783188
5101,1213.902353026347
5112,1235.2339948293838
5124,1087.4015277046378
5129,1033.2927181513214
5134,1265.3912306745103
5138,702.1254853622875
5141,998.0430025013671
5145,919.2618949200845
5156,1235.0139695970802
5157,755.031490810181
5160,1050.4660865433364
5171,800.4749417682556
5172,1333.3056928625022
5182,1218.8005648293804
5184,1106.613869389447
5191,1115.8968233623707
5194,1405.3030987442426
5197,1200.1589062994128
5199,820.3273765861264
5203,1235.7259155233623
5206,900.8180182975615
5207,1276.9491104030387
5213,1053.7093510507866
5214,1287.7316976514337
5215,1344.6209109156844
5222,1238.4120285230986
5227,1034.5469026163594
5235,1144.917729452234
5247,975.6922894327644
5251,1152.2194403535827
5267,970.0100689292511
5270,1329.4790452407399
5273,887.2544975075889
5275,919.0860334420105
5280,1142.900801799853
5285,1093.2857573486067
5290,1418.9851366050746
5301,1352.2319138000444
5305,965.3672618518054
5307,1005.1547619908341
5310,763.3301653124288
5317,1024.4374922315174
5324,982.1713248489608
5332,899.8171448100719
5333,1424.0783998573472
5334,888.4564715000463
5341,1391.1740360886097
5360,947.9275184432219
5380,1035.7903013452278
5397,1036.936902090546
5399,1113.1286679177776
5400,1119.9915840048534
5404,1450.292070029506
5406,1121.013929191778
5407,1116.2711928445226
5422,1322.190526402333
5437,1112.0066441443878
5448,901.9163320023303
5455,810.124910883453
5460,1105.3823532011454
5467,1470.0153336171197
5468,910.8078405873956
5471,1354.531947748087
5482,967.2586734962562
5490,1213.5008939386241
5492,1474.5941936877002
5494,791.088861239074
5501,1198.9819887909675
5503,769.5701275622621
5504,945.8363966125893
5506,899.0639365379125
5507,1245.6619073944116
5517,811.3107064914111
5522,922.3944317982829
5528,913.5252621314405
5530,1410.801669048597
5539,1339.036863237272
5545,1046.328399293495
5548,1179.8086201620836
5551,1236.7903904467648
5560,1162.3562411985465
5562,1144.6952423916223
5571,686.3974895334968
5573,1119.9865626306198
5577,1002.4562451375781
5581,1142.0105817044175
5590,1403.2257643296412
5596,1346.8414489197535
5606,1237.609957537562
5607,1250.6253386553126
5610,1224.8603349809566
5614,1012.7924765230933
5618,1309.5369655154718
5624,1139.3975905485136
5628,1439.944672730621
5636,1242.1930557775017
5639,962.5280787012566
5640,998.53624776156
5649,1033.7233096212656
5652,1058.264591974181
5654,893.7075344803824
5658,1387.6942680297834
5663,707.8587533984944
5666,1053.9436181426167
5675,1046.680034262816
5677,857.9368735154064
5701,1443.557029044678
5703,1203.3511224969484
5704,1332.2649095904203
5710,1062.1596539927111
5712,1071.325145534592
5719,1353.8185594352829
5729,1257.2589697393514
5732,1128.8094020164237
5736,1373.3943822345536
5738,1169.721534626507
5742,1179.1577799071479
5747,1110.195582723316
5748,1183.060813397791
5749,991.4170976375988
5759,861.6505081764095
5765,1015.0389917712396
5767,1124.074204823723
5769,1266.2452134039218
5771,1328.5002903817717
5786,817.0248929007955
5787,1357.8901052877807
5791,1162.529009408407
5795,948.7172599019078
5796,1417.813175653006
5799,1156.8196611578153
5803,1460.747250872814
5806,1247.7602946579816
5815,1438.9156279620154
5821,1079.6381672332018
5823,1231.983117462457
5825,1165.068333303518
5827,1231.8910404549406
5829,1034.9487652282876
5834,1061.3538908667488
5852,1215.7564784448823
5854,1009.6632178897534
5862,1379.9037067812815
5873,1066.1426714957838
5886,1116.7547210056105
5903,1186.8266820481624
5904,1104.3115147163753
5909,1221.0790639768245
5911,1120.4840248101887
5915,1036.4963021511292
5923,860.5521120187567
5928,1035.4054030060108
5929,849.7351715429335
5939,852.5425146208947
5941,1052.3711639258247
5946,1356.1428433825583
5951,1239.9437329916348
5969,705.4922003931779
5971,1084.550572595695
5980,1280.6211251527677
5981,832.377118100677
5984,1177.8527973383134
5991,771.6442196244725
6002,1355.5747436361667
6005,1078.7465386818794
6006,916.516800794136
6007,1245.4071056381276
6022,1120.7542440852412
6028,1313.388833351878
6030,1127.16863090019
6034,894.0325979449707
6040,1321.3836949335034
6044,963.7675731885062
6046,1391.4538383873814
6061,1108.9426944637778
6063,1127.5879177868756
6071,1092.8807053448925
6077,710.562816850751
6078,1530.5298690426052
6081,970.6625345100119
6082,922.5852795158232
6085,863.6223448317563
6086,863.4850654693574
6089,801.7183471380297
6101,873.9347112322448
6109,816.6408689955551
6118,1050.7347685082864
6121,1181.146811579166
6124,1047.2888308747647
6129,935.8392693558613
6135,1401.3396565047094
6148,941.066638862204
6150,1099.0210334596297
6158,1079.0806023138523
6162,980.6270323751191
6163,974.1028756736487
6164,852.8436431427921
6177,1257.409998408374
6183,1151.8703851777782
6197,1468.8788223700672
6200,1018.6429738068477
6202,1331.293037795018
6203,1448.6088611916693
6210,1029.5119310340974
6211,1190.9111915348487
6214,1241.8694208179922
6217,1387.8374764593077
6218,1408.5744931640415
6222,1197.6709059222298
6224,841.2060127440373
6232,1221.4382078488893
6235,962.8526288949819
6241,1024.4041027335002
6245,1167.4158914026605
6249,967.1983193128259
6250,700.8533330318855
6253,1368.0704478034725
6256,1301.6842955377597
6262,1333.1012781192496
6267,978.8282805531262
6272,1214.2635188136746
6274,1086.406319439634
6290,1005.8877486832628
6293,1422.3427559823126
6298,736.4296863463877
6301,1327.7308815811307
6307,999.9316797706731
6309,1012.2173062777557
6310,900.2412066198608
6322,1039.7304767016387
6326,1159.8501818572431
6330,1208.953977145359
6333,1085.9887677853785
6339,1194.8583543894217
6341,866.8960550186831
6342,955.5298267884065
6350,1061.0739426273403
6351,974.3708677556358
6364,1028.3066936437197
6366,953.8868229518653
6373,1236.299655803513
6386,1268.3169006558232
6393,1066.766491498261
6401,1149.7514148312134
6409,1329.55847622629
6411,979.281746189147
6413,1096.3499622950685
6424,847.5167461083854
6425,764.9106866225757
6427,660.6389438808876
6428,1268.6656409774566
6438,859.1588232417
6441,1242.9514502165996
6443,941.5304709471103
6450,1357.6047522046429
6467,734.5514901039534
6473,867.8261079940041
6474,1182.6840061519215
6476,1275.79960641472
6479,857.059953765896
6482,965.9962062542518
6483,1115.45804164663
6484,942.6671019394444
6487,1216.4169258363163
6493,1009.0633655934183
6497,1176.9622898882367
6499,1257.7365103632005
6502,1443.9058468759567
6513,1193.6794705110115
6518,661.6190037221211
6544,1102.8566219597997
6548,1077.6896659571569
6551,783.4737621002752
6553,1315.8507959714284
6562,1365.7562206480477
6572,1027.75214224583
6591,907.7409885856702
6596,1074.5332645650415
6600,1062.753385410382
6604,881.7387495470615
6606,772.1593433001143
6608,1283.3299294955693
6609,1113.55718139665
6621,1099.8781499867664
6626,1250.2971910455103
6631,956.5862591280863
6635,1316.1359526441897
6642,1308.1372298515905
6647,689.4050318105053
6651,1318.0003934891242
6652,1114.1809731476108
6671,972.9452183393711
6673,884.3507418519858
6682,1231.518174614519
6683,1427.8859281421242
6686,1192.3173235615031
6689,1354.7316024041854
6691,972.2686247317862
6718,1276.915280893033
6728,1239.9268436133848
6729,1111.5488552899988
6741,1421.5274096597614
6744,1346.5383099620904
6747,735.314447449836
6750,1105.9238493098085
6752,1336.192549895311
6754,1099.7590445377332
6755,1268.6592605109524
6756,1091.4245547649637
6757,1374.4883950415974
6760,1053.8880006418965
6766,1177.443370511944
6769,1014.9245770984311
6775,1389.5796623759984
6776,1111.274057230968
6790,1051.2931747382509
6791,1254.6626579644253
6795,1023.7860566136342
6801,897.3959455709327
6805,846.7475408586888
6809,946.6476153826113
6827,1354.9942150906336
6829,1007.5832282541769
6830,1172.5233976258853
6831,743.4219049187745
6833,1117.0595167084691
6835,1266.110457853558
6839,955.0944857610979
6844,1288.4929288107394
6849,1141.148543150482
6851,1165.2799201436806
6856,1259.213439529516
6857,1287.0514727742834
6862,954.8384694615015
6871,994.797325728348
6872,943.1578006906718
6880,1162.1571481171054
6898,785.0978631113949
6907,1310.3137132098316
6912,1040.6369979805966
6914,919.3754192976952
6915,1029.9187219826465
6919,980.8844798195668
6930,862.4288672224557
6940,886.9766954566765
6941,1070.857419523194
6952,980.5234437853742
6954,1191.7513077320573
6955,1406.257717465016
6956,1176.3161409310328
6960,945.7247309386236
6963,1264.8990678100545
6968,1334.435215805133
6969,1430.6150136046203
6975,1065.233545239713
6976,912.4869110159536
6978,1086.2663085766194
6990,1028.748707928617
6991,1366.5918423082421
6998,1067.8302815092568
7017,1347.2516067609897
7018,1262.8264259499551
7019,1245.909078156174
7020,985.3823674151831
7024,1202.2485148301948
7033,1048.8782045184955
7037,819.031017505533
7048,1001.5522501349515
7052,976.4151957434808
7059,1210.1093260719729
7064,990.369042220741
7073,1171.8469883888383
7078,1040.645776735662
7079,1099.79155440124
7083,1103.5142598950092
7087,953.629851891357
7088,1046.6410708252627
7092,680.0168050220241
7094,1257.4880352468585
7109,1120.7891187072441
7111,686.9112651899019
7114,1304.157482778672
7143,825.1771177202806
7145,1117.9207819426194
7147,1048.690662562442
7151,900.0364781370262
7153,1437.6635032209601
7156,1104.7128510712091
7163,1314.6253720240504
7167,1225.3929008889022
7170,1122.202196326425
7199,1343.9317944099555
7202,1452.9143273019827
7204,1139.677967723879
7205,935.3151146019193
7206,1420.4507206847989
7217,1237.6344181792774
7229,1021.8594966179971
7232,1325.4078068469303
7235,1152.232465236164
7236,888.0847074931376
7260,1151.846261049386
7262,1350.934204212133
7263,1133.4900219592348
7268,1053.3337018933337
7282,786.55328900826
7283,1060.1907228039
7302,1052.3841753238962
7316,846.8398264030767
7324,1217.6069447940504
7333,1322.9589661328355
7334,1339.5473026395325
7343,1100.338328525776
7349,993.0505267531292
7372,942.2482605821112
7375,951.6774488438749
7376,1069.7643762191076
7377,989.2252617473315
7378,1167.0633334640793
7384,884.432459920692
7389,1169.5130876650128
7397,1343.8834950012842
7399,1283.3857420518052
7400,1162.1333579030236
7406,977.2299326154969
7408,1214.6482582114872
7415,1161.9673618678673
7416,676.2338845522816
7418,1243.6377222730698
7421,1089.6012419794868
7429,1133.999554614737
7431,866.7967861480552
7435,942.7066060947095
7437,765.1126955121833
7439,1117.9157229859159
7444,1307.9909723608132
7445,1275.7695685675237
7455,870.11419528125
7457,745.7073570492032
7458,805.8983935826627
7465,904.0834635683708
7466,1076.562244576109
7472,1301.6813542637242
7476,1098.6398754032707
7478,1041.5071978858841
7485,1151.4625894969465
7486,1179.250241987828
7488,1105.027186724237
7489,1029.8603674688698
7493,1175.911918211967
7499,933.3174450489886
7501,1021.1186919142453
7508,679.8039142160184
7515,1123.0931756418809
7517,934.2551278682936
7530,1073.8595148220045
7536,925.5144043364011
7540,972.5039478970257
7549,1247.5631521676057
7568,719.1546763677848
7574,1011.2003151301416
7579,1080.581016442898
7586,762.4616685328596
7591,1154.1869203016993
7600,914.9384990039449
7607,1010.6339593505365
7615,1279.6331819256213
7619,873.6442481683739
7620,1161.3228849238353
7621,999.0364427427689
7622,1059.5793266473922
7624,894.6047669616951
7626,1141.7202034285676
7633,1522.4499806560782
7637,1189.7666281603822
7641,741.6563242261562
7643,931.5706019797459
7645,996.5146781128065
7647,992.7715352835136
7654,1446.4340757141777
7655,1042.1661270481413
7671,1031.151690826057
7672,1128.1595426392366
7685,974.5458692849581
7692,1288.4795767599921
7693,954.7274393057731
7696,1175.2461695358622
7700,1373.1663221830286
7702,1089.5292019865763
7709,1018.0072992731573
7714,906.343071017627
7728,964.6583863104245
7729,1111.7444213732863
7736,1399.482548206079
7737,922.2481714989535
7738,936.226409191832
7740,755.8087354648335
7743,827.1480886996048
7744,932.2622345686776
7745,1380.8017170206092
7750,995.9961708101473
7751,786.6655500622297
7754,1451.0700373316013
7764,1013.0783511824877
7771,1153.9956582201305
7773,948.9366189032912
7792,1192.7504990895634
7793,1297.851605016449
7794,975.762232329107
7802,1024.457588964116
7808,1304.3922414404356
7812,1346.4992694321609
7822,1365.2259338619874
7826,1186.5178294634036
7827,1267.1708249148544
7829,1100.9765663547603
7830,1112.708755595637
7842,1389.3619187557017
7847,1407.6733084567638
7851,1428.0625159138253
7854,1175.471984947769
7855,1324.8662077878635
7856,880.9637543392048
7877,1131.0751759679845
7880,1022.2862596052482
7881,1341.4768218316408
7883,1396.5417847869426
7887,1128.500157922179
7888,1364.1234217885208
7889,981.9242733149902
7890,1184.9392669822441
7895,964.9210777351642
7897,837.2735434064074
7908,1275.6281970141792
7912,1115.5918587769927
7921,1088.0144725846299
7922,748.5172715631365
7931,857.0319936321957
7932,1396.66801518071
7933,908.1498561082195
7935,1128.112614629971
7937,1231.6909584181342
7939,1242.3670214882109
7943,1403.9133578471283
7950,1071.4926899354755
7953,1044.3002788900621
7959,1087.8542301026027
7962,1104.0645228990836
7963,1059.5436895361936
7967,1262.9498734293716
7969,1021.8042168351168
7984,686.4408435437437
7992,1058.0577102113145
8001,943.9581203126455
8002,856.6522325660874
8010,827.4616328639214
8014,1251.4239446818335
8016,971.2505344145806
8021,934.0686599759708
8024,1411.38261655878
8025,1243.615079371257
8037,977.4455265338161
8070,995.2821223508738
8075,1295.0076360573241
8081,1385.7061020852284
8082,1317.4736712585634
8085,950.4846164312085
8094,1087.4083285871623
8104,1187.1586963761313
8108,789.6038994120025
8110,1165.1875524571187
8120,1004.7734590202497
8123,1081.2012740942541
8128,1167.4020908812652
8135,889.1121964736825
8137,740.0279191220857
8138,1202.4346873562486
8139,887.8639293075287
8147,1157.7299644069758
8149,1462.6469435858914
8159,1300.2654551686744
8160,1234.242337287015
8175,1020.2168981653456
8178,814.6860689012217
8179,1020.8763989975566
8181,963.4002460729082
8182,719.6754955658814
8188,1036.581833020098
8192,1044.789401240114
8202,1175.1104892927342
8205,829.2873992814948
8206,907.4577309057505
8208,1072.3265470466129
8215,764.2763938042378
8219,1493.2777237704781
8236,1117.414014997205
8240,899.8383560620523
8242,1272.3581646488042
8243,1350.4738496454238
8244,1277.0796193362419
8248,1186.3323126028736
8261,1092.9407697989795
8263,854.5103155306898
8265,985.2976301828796
8267,952.0821971667359
8268,1435.7326982764178
8277,942.8020712293503
8279,761.250956235903
8280,1390.3684372221355
8281,778.3974834410496
8282,952.6597445846122
8284,842.797367735784
8285,1421.9860087045556
8286,1211.845160348612
8288,1456.7234633287608
8297,811.7085098848083
8305,1217.9619398730222
8306,1318.90370036789
8311,1339.0906030005083
8314,1187.4212491712826
8317,917.997283242607
8329,1175.7266338920565
8337,1049.663269206367
8342,1007.071762148519
8343,1272.6963651686758
8344,1332.6500533580147
8359,1419.5729700125644
8362,896.1926986358873
8363,1246.18497759761
8366,903.0289771348289
8383,1363.1220348858892
8385,870.3255680007333
8414,796.4050014019194
8422,1081.050934610172
8430,1431.163272095346
8440,888.6622029145066
8441,1024.180064398094
8447,1184.6416499248598
8464,1017.340677640716
8467,1351.5704009800725
8468,946.7592966491959
8475,1448.4540856651931
8479,1234.1531922688323
8482,990.1773099354618
8490,1430.467471186249
8493,1324.3113198771362
8500,1297.1541444608106
8501,1191.6062385597534
8502,1150.430538634781
8504,883.523331702747
8518,899.8124803673797
8519,1057.190944050907
8521,1128.0831849686574
8526,862.6971030424918
8527,963.5968363896093
8536,1324.4569717622896
8538,1327.533288702171
8540,1334.189771358158
8556,962.530609045499
8567,1401.8221758549055
8571,1146.136596761688
8575,1130.230127385142
8576,1194.7898676449597
8582,907.798473769426
8583,1433.7745352508812
8584,707.8953671955368
8599,905.5087479168798
8606,1291.3494125808716
8608,1047.1848091006088
8612,1072.1317091807914
8613,773.5276496858803
8615,1452.2431392197643
8630,1057.3445042574303
8637,1110.481562444429
8651,1304.4240203103157
8661,901.6359717672253
8664,1250.8387707723941
8665,806.4234226008781
8671,1367.6640447241202
8673,1028.3300811942263
8675,963.1975371847088
8682,1498.2765594440898
8684,790.4255442053229
8686,975.5592824943553
8697,1107.2981934071156
8700,967.331398407642
8702,1158.757106267463
8709,1071.6548908847128
8710,1485.6225621947399
8715,1069.9594101401901
8720,1236.0454898328478
8721,987.1320005803226
8729,1174.6040637211695
8730,1304.3828492752525
8732,963.1661873131518
8744,1422.3674417143316
8750,1363.43207383991
8757,1237.7304721772348
8758,1379.911577571179
8762,1342.4973023893456
8763,1282.9863638118231
8765,1190.5600086093561
8772,1255.094213674443
8774,1186.7583911430127
8777,1370.9723696522055
8783,1222.3490303045648
8792,1429.6217311178189
8795,1210.6664171742573
8800,886.8435524059629
8804,1019.3116283658915
8820,1195.8101301775519
8825,1146.7604185454031
8828,941.994963884206
8833,873.5317155662048
8835,1029.7125571301297
8840,1197.6040905584937
8847,1273.5719574717818
8848,693.820053878751
8850,843.0688038127123
8851,1003.4854192891804
8859,1061.4665164713138
8865,962.2523461221836
8869,1523.2897740108922
8871,1217.7735901830624
8880,1291.1511382541623
8882,1288.2873250207567
8895,1223.4219556838025
8896,1007.7901208210386
8898,1337.5540992019755
8899,994.4961615583496
8911,816.945783264151
8922,1195.3017682744908
8923,1121.9144652044465
8931,958.7216928688216
8934,1049.8261165310348
8941,1090.787099143463
8945,864.8970926964024
8947,1313.2470162600698
8948,1312.0661151621437
8962,1003.5198599887689
8971,1150.8320513081555
8973,811.0503733368955
8974,1023.4465210248254
8986,1074.9206602177958
8991,1418.6983300823838
9000,1132.725587913786
9002,947.034857932215
9019,985.8043777607456
9020,944.1929906441956
9039,1037.1886793268702
9040,1169.8769344381947
9044,1295.774511500058
9045,838.596748255351
9050,1378.932281132654
9054,1399.693144283763
9055,1107.1612749785284
9057,999.1053118998268
9064,1165.386264724412
9069,929.7096552476133
9084,1369.3608844375717
9085,1223.6851693902488
9086,907.1832649472552
9089,778.6795937936687
9097,984.7724871724195
9101,1210.6157116503248
9102,852.7198541057691
9103,845.9650398992034
9113,1274.9015685959598
9116,907.964253145766
9124,1032.8826497729397
9130,1291.9595408674165
9135,1238.915744778075
9143,875.1542569918038
9145,1063.4333871058013
9149,1369.7730937201843
9150,1180.637702889706
9156,1042.8994591002952
9162,1002.7924200403348
9166,1173.482432716573
9171,869.0713035828016
9174,1243.5634150723995
9177,1330.911546974974
9187,1222.3831558025283
9188,1397.5309159428418
9190,903.64113970493
9191,1002.1349071467049
9195,980.0492016561043
9201,1083.789898990835
9204,907.3430522423765
9213,1088.4820728208751
9215,1133.21178071593
9218,1091.8826934580115
9234,1483.9370834041888
9239,1005.9462795937627
9240,1051.4323755766502
9276,849.3880365430002
9309,1299.0774176340083
9313,1241.414334272425
9318,918.9191907125148
9335,1006.4224918807009
9336,1241.633979869088
9341,1138.4201243293198
9343,1003.6855765330265
9347,990.7915618349463
9352,1333.3486024895292
9363,964.6126263835878
9367,1378.7867219870868
9394,1089.9487622729405
9401,1159.976159701875
9407,1058.99679294888
9412,1233.9911043782095
9413,1004.7415957508532
9415,1125.143488113362
9418,1309.161455949833
9420,1395.3088035525375
9421,706.9188528222128
9433,1044.57925071492
9437,926.8947185259004
9446,1097.3187535795157
9448,872.4473986543388
9460,1006.1823311917359
9477,1259.3176168510033
9486,740.4615199774457
9495,1244.993466761081
9496,927.5856847190843
9500,700.4844698912342
9509,1235.8352737756493
9511,1158.8132700413125
9516,894.6931778880181
9526,942.7192150752564
9536,838.471742084259
9542,1070.092192884547
9547,884.6532745567374
9549,1411.4278126808706
9567,1015.4631017115443
9570,740.9433794715447
9575,1385.824480642893
9579,1371.095805511484
9588,1046.5123906992678
9594,1336.6315451418816
9609,1475.8651058026471
9616,1298.165209009158
9630,1485.1954525334472
9644,1007.9171783140075
9645,1357.7242266213707
9647,1106.1014602642222
9656,937.0554511356779
9658,1361.0181083729562
9684,1228.9041113009216
9686,1175.799566779386
9690,934.0475819090303
9697,1416.4944848720854
9700,1355.9346857813123
9701,681.7847158016259
9702,887.0410424781495
9710,1092.9437805682267
9713,789.613242639933
9716,1046.1366449486757
9730,1298.521292833931
9732,1050.0678448495444
9734,996.1071493809837
9754,1071.0783792315833
9766,832.3103046098036
9767,1294.4839797832237
9768,1087.079151594726
9769,1213.012602673757
9773,927.3045495555529
9784,763.8311817771339
9785,1177.0723163957512
9786,767.4348292964613
9787,1052.9232786007694
9792,1028.4278561261576
9809,959.2079160231839
9814,1234.4032393370205
9829,811.0135510196798
9830,1163.5800114158965
9833,1392.7084138793596
9834,1084.2116426013345
9835,1316.4205875600537
9858,1107.4695397859466
9861,919.1362328672499
9863,1144.2710880200664
9872,1428.6125652096907
9874,955.7684477209624
9875,1261.8746725036506
9893,1294.8919528677018
9894,1003.5875710758096
9897,721.1194367700724
9910,1399.4930228568098
9914,885.8446052258153
9918,741.0170006777554
9921,1059.5318601198383
9931,1054.68506985596
9933,1130.5977224371045
9939,1340.6460574144462
9943,1247.405585005562
9948,961.8948694569856
9960,936.2248986958168
9965,1275.0427014253478
9966,943.3816803041747
9967,1304.7250998286445
9975,857.811399904137
9976,941.9869953632348
9978,1219.2913873713285
9990,1440.82247773095
9999,841.6997163005781
