id,pred
1,1077.328099842533
4,786.0947785953164
9,1391.4921116713597
11,1505.23621581124
13,1187.715370467307
15,834.2332214289102
18,1245.4763849795822
20,965.0526639092775
21,1369.448902146366
24,1407.4019474976724
30,999.5636033306206
32,879.6274851897532
34,1106.6954981353017
36,772.9368448956097
37,1143.6053937873385
38,1012.603546162303
40,1016.8342379665593
48,1030.9961399460315
51,972.643144994677
59,1460.3310701532025
60,1108.2528507773957
77,800.2045253166598
81,1355.2320344682396
89,1364.2557301941986
93,1212.4371078203399
94,1312.146575641076
96,1074.3072191518415
97,954.3641446368255
102,962.5354025403024
104,1187.3816563979415
107,997.7390362511157
108,1010.0391978621437
109,1356.6959742715167
120,1134.0753179097558
132,1028.3928107607708
133,944.2305399122363
136,1109.6576007015128
145,1230.162612668089
150,1361.2070746461068
158,1431.0409307975208
170,635.9824741566765
186,934.8867059150574
212,1295.2426440558102
213,811.3637112028434
218,909.6123833221976
222,1092.5215677409417
223,1033.6190310338968
234,1190.651027790937
240,1505.7752295780956
246,869.4068282855658
249,1206.601197526842
252,905.6254096901317
253,1283.2076090658545
260,1256.0027136756746
264,800.36958464095
266,1164.4755193702629
268,1440.1830939340534
275,921.6702969641628
287,935.8383710209083
291,1285.9310992418978
292,1106.2517497596332
293,1312.4242334557432
304,1258.9696565523266
305,1096.8195402663384
312,961.7052009457923
316,708.651591316743
317,1185.3113261769165
319,1038.071298854513
322,993.267872310489
324,890.7549026749351
331,1459.7695946481858
334,892.4230519674771
335,1506.0872501627375
336,1267.0036158037747
347,903.6432052137216
348,1313.7582689492588
350,1082.048222544041
354,1035.7734001880206
361,1288.5020359992282
368,1002.3449544752674
377,1221.345245702078
380,1201.5329143120487
382,811.1307803886151
389,719.9263154009702
394,1371.7969899127615
395,873.6391625774625
401,1072.3857853224104
409,1107.7938576658335
411,1071.0947946028866
417,1017.517184727946
428,914.9039940340016
440,1204.408550261925
441,863.9391755591523
448,1116.83399436512
451,1081.4644144417064
454,1332.434626053184
458,896.723545047246
462,1086.624117838702
463,1002.3435158346194
466,714.728563266169
468,933.3286253845238
475,904.6339835410968
484,1279.9953477837078
488,1296.8820992508568
497,1104.514404882386
501,722.2217370061579
510,975.1433808881915
511,1186.4139088548698
512,1477.8788075107486
514,1229.841102682193
519,1377.7894393509514
533,1022.9354921863331
534,1213.543380578198
539,924.8337944819887
544,750.7100109378471
551,1194.2498036143334
555,722.3333975633366
564,1280.0351795078877
568,1024.615740017972
569,1123.6100495168232
577,926.894765293402
578,832.7319657541148
583,1231.043849511121
587,1176.559501260811
591,1287.3931262591898
592,1512.425668126645
593,1180.484285317438
595,898.4862979595525
604,1234.752547358813
606,1133.9100929114454
612,903.5270911220395
618,1421.4824028398798
621,850.3944597705271
622,1176.2839126338092
624,1191.3772664057603
625,1126.8507327423147
626,1162.5483781100318
638,1185.732573456456
648,1461.6759936213602
654,1260.1982958267567
656,794.8106451420826
669,1173.0608395921752
674,1406.0332897582787
677,838.1273553497505
684,1228.7344759375803
697,1228.5173536802226
701,1334.584583577026
706,795.1892123574354
709,1250.4320900569444
711,1078.1207624948124
712,1101.5369574982992
713,560.9718488336957
714,928.9153827889775
716,1102.2452493340638
725,1224.3645597515947
731,787.567948832603
734,1277.9720553063278
736,938.8685380971901
737,1242.7550956636428
739,1319.0277209567612
743,1051.8605626626409
744,809.6630486328197
746,1269.3091954422616
748,954.8918647453639
759,1173.180780995525
762,848.0470377261529
764,864.2284827788538
765,1241.6424143537063
766,968.9655993961167
767,1201.47413247795
775,1369.964047858009
783,1122.5842653538748
790,936.6034487137787
795,958.8114960040879
796,826.4919727401154
800,898.6605137725423
810,1098.674277545652
829,1143.9058780458038
834,1011.3903214481282
838,1241.124684063978
842,1173.5263856241158
851,1036.2604142013518
853,1061.16949003821
857,931.4672906350978
859,918.3444301216009
867,910.3322947677209
872,1443.117080938292
873,1097.5994084381196
880,992.1694132800609
884,1186.0049075637469
907,1163.9240275979128
909,954.695039375382
915,1113.0113777883064
922,861.0685857510188
928,1264.6817972246856
933,1088.1795339574646
935,1277.1852758023133
941,659.0645270234446
953,1456.7021364942048
959,1385.4821582871973
961,1168.0535387532232
965,1193.5365192384115
966,1079.4879360684288
968,1066.0063301092223
971,1110.7136826421743
972,1073.4108069382905
994,1047.9186336107723
995,1106.1034725436605
1003,1046.2619578165102
1010,1479.968510097502
1011,863.9180236013053
1019,1312.8661292174322
1021,1453.898738774785
1023,1377.5927620088507
1027,1291.6012728486503
1035,798.7248165568382
1039,1160.824295339232
1047,1368.7539779265396
1057,1083.9179834534582
1058,1165.5667729684728
1069,920.0684590325571
1072,1254.7571233701467
1077,1322.3952402664593
1079,1056.0482913387784
1085,882.3102884034649
1088,999.7216077199969
1091,1133.5665016568582
1096,1268.908570835643
1104,1245.7695538454548
1108,1165.089196761152
1110,978.8282501645353
1112,881.4982424672392
1113,1425.5400651227374
1114,806.6151386907461
1122,866.4106733747342
1124,1104.3622714420374
1128,1264.7368703642126
1143,1050.608309852554
1145,1126.5180036695842
1146,828.5643938531407
1148,751.8514504296114
1150,758.2461073155127
1154,1125.4145977656003
1156,663.4193462648261
1157,1513.0306755879456
1163,1066.4227305138816
1176,1337.397143370343
1181,1147.3001780616873
1184,1305.6580919836465
1189,1298.3049942119758
1191,1260.3987668166326
1195,1314.5339492881437
1196,842.5697332335192
1198,1300.50704647649
1200,1346.1971717853298
1209,753.9730835557914
1211,1339.989006529348
1218,1320.603997190217
1221,1130.1120825181704
1223,937.9458114401756
1225,780.4227389959376
1246,1338.663646588507
1248,1175.7612777496668
1251,1251.0151669371992
1254,947.4881119428862
1255,1323.4556616784064
1262,1126.1584784842396
1264,1164.143010105016
1278,1253.068924616924
1286,1135.5068765286228
1296,1265.4215526722696
1298,1450.4229302782842
1311,1036.3132349520774
1314,1385.8228370701804
1315,878.1308690071535
1316,1123.8535890562569
1319,1354.1473623888953
1329,1239.1667193043559
1331,1173.2952491325466
1340,1072.1962021930638
1347,923.3774003627717
1348,1091.7767098931427
1350,824.1415014253685
1356,1487.0889602082534
1361,999.6870118959786
1370,1224.550692616952
1373,1025.621138015167
1374,1172.0710459621512
1384,1481.8232951418217
1393,879.7583546264248
1394,1478.2674016312192
1401,761.5187182310458
1403,951.9319639298667
1407,955.7644741266168
1409,1088.319758615496
1414,995.6375056206773
1419,1078.463454367384
1427,1144.8332814353191
1430,1472.9146075466317
1433,914.5737606635596
1439,911.6600798077784
1442,1292.088036193713
1447,1502.7553544057378
1454,1359.358860243155
1459,1389.2851030933687
1471,795.2323212797668
1473,875.657821415321
1480,1330.4061004831738
1483,731.599957500206
1484,1226.9891181580733
1489,1296.705711750502
1495,1030.1502072904677
1497,931.2141261289368
1499,1332.9989160805942
1502,1309.104761645931
1510,1459.586756726812
1513,1012.3761737790985
1514,1500.638433227359
1517,804.2681911603668
1528,884.9119773816815
1531,1195.1071932367333
1537,1191.373770961608
1544,714.0534230745895
1545,1140.4550235794372
1551,1387.9143592810854
1559,878.1310858859938
1563,1130.8890481319909
1569,871.8444833203479
1570,1061.2129872322448
1576,1149.4026921155546
1577,1246.9880364758646
1579,1018.8321168409435
1594,1195.351563120065
1596,1035.238484654473
1598,1008.3022862093508
1600,1300.218323059411
1607,828.2916079013293
1609,722.3652163770502
1617,1162.683775663105
1618,1111.2798775764852
1619,1093.8010026774027
1624,1452.477153466695
1627,712.9967689121364
1632,970.8535478154945
1643,1216.8834375888919
1651,980.3397121605387
1656,956.750157710836
1659,1467.6136516967126
1661,989.8560536466734
1663,1208.8530332249297
1672,1177.313945463368
1673,800.6562459386412
1684,994.734998275093
1685,1049.9058234458373
1689,727.9305536490506
1692,1294.4754736970067
1693,1006.0286904797935
1703,1149.235108530655
1714,876.5593376858827
1719,779.28732714406
1727,1441.469289609855
1731,993.4218324440152
1732,1014.9223792735111
1733,1415.9260608995487
1738,1183.4774446540948
1740,1383.1835869618062
1741,1379.1242694671132
1742,1158.2309818552744
1747,934.6807380712024
1748,705.1609257469111
1759,1163.4265547939722
1761,1447.6275065359046
1766,1492.7691953161077
1769,1293.2265667431982
1771,673.126427623175
1776,941.8923224805869
1781,869.8039274125599
1784,770.1800396170258
1786,1155.1934959189732
1792,616.894932604134
1794,1361.658783469627
1795,1011.8369463730824
1796,1445.5408976419874
1804,934.3672387604175
1806,993.9857380972461
1808,1338.5111640527405
1818,1238.1495963796353
1826,1164.8625371068051
1834,1409.2449896168728
1836,1367.0034845872249
1852,1157.5483197716967
1863,1382.9224913454996
1865,949.4507136803345
1878,1337.8069263409393
1881,896.5252678152135
1887,1354.0129382929194
1889,826.4083046048393
1892,1001.760434404951
1898,1093.3264081312077
1902,1240.7491635341848
1916,1173.8418925689546
1922,1082.5387772193842
1924,1194.4396520980074
1938,1440.2760489536267
1942,1403.4540730051992
1955,1222.4817427224561
1958,888.8621332942132
1964,920.4524520017699
1966,1032.7691301984732
1982,1401.816688843216
2013,1261.6464184754614
2019,1297.9513093209775
2021,960.6976897489493
2026,907.9047455452225
2030,1019.373095972716
2031,1416.5559186113383
2037,851.9996492191119
2040,722.5682610474637
2046,887.7021699041927
2056,894.3151968115275
2068,1246.1521038004107
2070,834.6709461998269
2073,1123.4398097511682
2076,1230.289669607148
2089,1005.681600536195
2099,1428.412855133554
2108,1420.5812466990667
2109,1277.0070487749504
2110,1245.4619123532625
2111,1030.2926768558075
2115,1123.1766901884462
2123,764.8066121820007
2125,1173.5652812007131
2128,859.2111564241559
2129,1409.7493663636726
2134,1134.7922154095174
2139,1441.0284081800833
2146,704.6724232646834
2148,1131.5327523275932
2150,1222.4444854272515
2151,920.2502073740167
2153,1018.3657112473156
2158,1275.4237650566433
2166,1239.370983819907
2168,1382.6453876777837
2169,1353.2051750572784
2179,877.9297272567935
2184,835.1745190672439
2185,1210.4422006487405
2190,1344.9240444375032
2192,982.7134791817865
2200,864.8441126917191
2211,1182.4922945375256
2214,972.9366065561077
2216,1119.871634316729
2222,1239.588382075607
2226,1206.482643706218
2233,1397.5751097333716
2234,810.8339615108405
2237,1007.0628751563212
2240,1051.8636383478588
2246,1447.7363175307519
2250,779.3501871150672
2252,1366.8163218609611
2253,846.0333380817547
2255,1085.825720403568
2261,736.2641495699859
2271,1416.5703664741502
2274,1215.5401343206859
2276,822.9596361304075
2287,1319.504221082165
2288,1285.808323131235
2289,995.7472474221153
2292,1497.566516235127
2302,1212.484169016526
2304,1379.0890471417713
2305,1297.746535014325
2311,1121.2256824526096
2317,1179.356433459268
2329,1446.7209833448296
2336,910.7033141445602
2338,973.5141506710355
2341,1305.7492753173128
2345,1138.9426000036383
2349,1018.08232938108
2359,1215.0329895193454
2361,884.2393180606298
2363,1374.2080389488024
2376,881.8417911193876
2378,1144.716303998623
2393,1011.9005878789295
2406,863.189562323721
2407,1158.8783423323869
2413,1013.2449452563103
2418,1128.0661577541437
2421,1158.8811470343358
2448,733.6256894295796
2454,989.5068414559764
2456,847.6220430596413
2459,956.6014153083244
2465,1303.814773128782
2466,954.5245559924884
2474,911.5132092638174
2475,1272.304791479456
2479,1311.3418583076973
2484,1014.60753348266
2485,794.6184190732251
2486,1539.3943125947492
2487,815.1585757466073
2488,873.6025738056377
2493,1280.8249390041242
2499,872.6646455876659
2514,907.8398975043725
2516,845.9504209255662
2517,1102.2880929044459
2518,681.5553127263203
2520,804.1692492640921
2523,828.2580654259925
2524,1011.0557958696975
2532,1121.204229800228
2535,1217.1376933012696
2541,1106.5419546821588
2543,1292.6133143608793
2546,1010.7561959449033
2555,1380.488629529087
2575,1237.8370363305817
2587,708.8615034325242
2593,1205.4894849519667
2603,1317.9045846339366
2610,1417.8041826823192
2612,1302.9955381720674
2615,823.9639879946681
2616,1195.9738503828862
2620,1045.9032717266773
2621,1123.5893250205895
2626,1093.0215809005872
2628,951.2755289317579
2665,987.3942467777441
2674,1235.401431096934
2679,1148.2621529020462
2681,716.3196934182529
2686,1093.987565291954
2689,790.9565193170689
2690,1014.2257018353662
2693,1079.286283708144
2698,1194.047087536417
2699,1342.6880266433939
2702,1044.7301411543463
2708,765.3900657656891
2733,934.004353810514
2738,1226.4054812287168
2743,1231.914555156892
2749,1399.3103408942677
2751,1040.510678937815
2754,1071.260730268643
2755,1195.8640141140932
2767,846.230086628869
2770,1202.8105324257167
2771,1317.6451486571261
2772,1191.7939005261842
2778,1319.3849657868927
2795,1164.513027617578
2803,1275.8984877720925
2819,892.3193443772647
2821,1044.049885506854
2824,1460.0162959014613
2834,1336.6822055278542
2841,823.502927158214
2847,1419.3300726165412
2856,1124.6662557077582
2863,926.8459958549472
2865,1457.0086332990272
2868,1406.973496567411
2869,845.2643888341951
2875,1165.9250408434639
2877,676.7443864509708
2883,991.6409387455598
2885,1377.07233872995
2886,1056.5303563735047
2887,1191.3526738577227
2895,814.032449747717
2907,1515.8297044459905
2908,1413.445405933001
2909,911.9781102761682
2911,1450.8659233498079
2914,1006.8190458768456
2923,1065.8376227510018
2927,1409.66340148993
2928,972.785965086236
2931,1167.1706373242996
2933,811.8693662291023
2936,763.4360276393695
2944,1221.6453054275732
2946,972.8009862453575
2955,928.7267086439308
2956,1263.2391065051488
2957,850.0757379140726
2974,1251.9928681064514
2983,1169.4348657522999
2992,1173.0501007190755
2996,1249.083315720895
2998,1362.944930349824
3001,1129.0507609734625
3003,1024.1668426503868
3007,1478.6549141665353
3008,1307.4943651724598
3012,1281.7980525920884
3013,667.5747114440552
3016,818.4480854008989
3018,1057.5010754103114
3019,1287.819668178791
3020,1190.8789366432593
3022,895.5237258951502
3024,690.6239603621536
3026,1155.1199960070833
3028,968.0945874906413
3033,1375.6079994120166
3034,1252.2566887827068
3035,1305.6222642300258
3038,1108.7302057365098
3040,1047.3928763474205
3044,1098.0361748235152
3046,890.2209616628503
3048,915.6021242090399
3054,1344.9654993031577
3058,1327.0890436668149
3059,1221.585671879303
3061,913.3861813773092
3062,1049.02456911189
3065,1244.9880663827746
3066,1481.2311483488752
3071,834.7824187471032
3078,1329.4016984980815
3080,1483.5979383289387
3081,1184.1146021294685
3083,1519.7827906523603
3095,1398.3389512276976
3096,945.7667205917882
3101,1365.1537853731684
3102,1163.2722496866327
3106,1395.2312654091575
3123,1485.6667869730586
3124,904.5920540065711
3126,1027.3249437910265
3128,1070.235088187125
3131,1178.7107369039834
3132,1385.255327536445
3133,843.4004502773707
3144,1081.0090856108695
3146,856.2107241146672
3147,1291.8183895390894
3149,909.9553008371811
3150,1102.144549231979
3152,1325.3533999428507
3155,1482.4710780520402
3161,1416.8051037121154
3173,858.3720098994288
3185,1319.618321545218
3188,1030.7462108578186
3195,910.8256869115
3205,1019.5950836188215
3206,1039.0658313122415
3207,797.6433912520694
3209,1180.0372287565606
3211,809.4366137327605
3232,1010.790758274852
3239,939.2162844794354
3246,1184.6005623607537
3252,1372.379951766415
3258,1206.0515377096608
3280,1151.419965719641
3282,1466.283547539119
3283,1118.3818559861606
3285,1510.986943368177
3289,1076.0493325872326
3296,1412.0820803890194
3306,1499.388437070243
3310,1150.3758424408911
3313,713.7373723757255
3315,1179.2987201794444
3318,1229.9511390028576
3320,1290.9738422319538
3326,867.9650652660505
3330,1037.5158946506854
3335,1255.5362959121637
3338,987.5064149820251
3339,1259.453603694023
3351,1037.8238987306602
3352,992.80523364767
3353,1084.4851940786082
3356,986.4632847865594
3376,1401.1577072812138
3380,797.8164144329197
3384,658.0448534328126
3388,1180.8021541701
3393,1108.6214498194847
3394,1315.416425253178
3397,926.4922584201662
3398,1462.5530774964275
3400,763.6065643459392
3401,812.8475769065835
3405,635.5857849579688
3411,1126.5160160122086
3412,1029.040138881925
3413,819.1299051582007
3430,1243.6525908245067
3435,1128.3673984961251
3444,1189.4594413139
3449,1051.9294026737691
3456,1200.26147469315
3459,869.1082049819277
3464,1223.8627639825904
3465,989.6233103004998
3466,1175.1918376524163
3468,1289.3566292386158
3471,999.1071085115033
3474,946.4804448506866
3482,1326.4612632442208
3483,1096.740826919753
3486,1195.3442919487254
3488,1309.7283058759394
3498,892.632847255495
3502,1172.8898122586706
3510,1428.5406408675633
3520,1013.5901838787923
3521,785.0760209127295
3525,1363.6405380698654
3527,1352.1313387955304
3529,1244.9080406997793
3530,577.5591822944659
3534,1199.4153304048841
3536,1314.3472969436025
3542,1088.0421494187533
3551,1040.1569275795641
3556,1084.8798894397687
3571,750.9605352713979
3575,1006.8587145980581
3583,1337.9543260391058
3596,1028.7619039628314
3598,1388.8603978548226
3609,1282.717017478198
3616,917.7950132182957
3617,1240.9384948715115
3622,1291.7288137006274
3626,965.1695448256974
3640,756.7120047647682
3644,941.4256931502387
3647,869.9034501265793
3648,1274.5454770828474
3650,812.8787423165292
3654,1403.7336693150755
3663,985.3484584889328
3667,1038.0321738625023
3669,850.7869657937599
3685,1325.3567941007973
3687,1059.128973806886
3704,1317.915946751581
3705,1322.3203681218502
3707,935.6218813635265
3709,1167.62672126464
3724,706.4544155073172
3743,1341.4138969335525
3746,1397.4773389449604
3756,1006.6760347680649
3768,939.5436881588076
3772,1031.3767202509725
3774,1465.5616163603695
3777,1181.2303476569323
3781,861.804150946563
3783,824.2433973779248
3788,1073.4938342322262
3791,837.0517219111862
3799,881.2646732667982
3814,1298.0104378768829
3818,884.3808808418354
3835,1314.5652118360822
3838,978.1051493021538
3843,1021.111381997389
3847,1261.6125491511655
3854,939.0362698124575
3858,1284.0812931260093
3860,1295.9153389129433
3861,1238.3251615895833
3870,987.1206929115551
3873,1138.8860082673368
3888,926.1953597176465
3890,1442.06160405901
3895,891.3435150403373
3899,1105.1349732851274
3913,1413.666840359304
3915,1162.1469899765889
3922,963.8784691529704
3934,1059.586524280238
3935,931.6459519381841
3938,1270.2009143530552
3949,1054.8978459175298
3950,1197.4702002674283
3961,1139.2859896141122
3972,1336.0580239853728
3974,880.9265058398614
3990,1238.9309509666134
3993,852.8053677041811
4000,1426.666961197504
4004,972.2671220456406
4012,1316.9770106033352
4017,1112.9676541211188
4023,1351.6852106544475
4024,974.5027461376294
4039,1434.5566748952137
4047,1256.1303916321299
4048,1141.5773268032626
4049,1009.4903730159917
4050,1423.9027137174226
4059,1263.7999364731618
4065,1109.4831106245497
4068,830.4550467218503
4072,1084.002814381721
4077,945.0910843901039
4081,936.2749994999403
4082,1200.4065824567717
4085,950.0319143978471
4093,989.4413435788041
4099,879.1258776982893
4100,1111.5860044676506
4101,1146.2741467140547
4103,774.32906055885
4111,857.4911570961751
4113,1055.313415122033
4114,1145.1423279434734
4116,954.0068356969936
4123,997.4368940065847
4124,1072.009164772817
4131,1153.9433128487435
4133,1275.0819455703559
4140,1394.957877896836
4141,978.0374723837544
4150,925.6107281112727
4152,1172.9563108222549
4171,776.2189902557626
4182,1055.2398700885979
4186,1366.1638302067427
4191,1450.1845639674425
4192,831.8978009033875
4194,1331.5038027344497
4195,1062.4815690488172
4203,1235.9588942524474
4206,1345.6036212821998
4211,1238.7925934766724
4217,1303.5916893755839
4218,705.9417934827845
4221,1103.7160541368019
4229,1220.5981982386643
4230,1151.0227981968799
4231,1010.8442896373622
4240,691.0961345028877
4249,940.4070613466059
4253,1006.4057012569265
4255,711.3120578494519
4270,1070.3427947405025
4272,1020.5851270831537
4289,1296.5807692938808
4295,680.3997858669027
4303,741.1798728523212
4314,1039.1584013276495
4322,939.9516679931613
4327,1051.9996250263926
4330,806.2613524603605
4338,1231.006799227808
4339,796.1125513703673
4340,920.6076603947524
4342,1262.1163117210479
4343,1309.7440092935317
4344,1145.7689240240893
4345,906.2790107112436
4346,1026.0117912701476
4348,1034.6780575546438
4351,1161.2554911230095
4355,1264.1981526868167
4363,855.264606373963
4368,1259.6660220741255
4373,1149.2750678783464
4375,1063.9161301720671
4382,757.9062377549837
4387,1309.0525015472494
4395,1112.9585731002117
4396,1358.393126519484
4398,1112.709960949704
4399,885.4910655228302
4415,1052.896101167666
4419,812.8581209739493
4424,1360.73097237411
4437,1044.462726294894
4439,632.4777415852288
4443,1168.2625738457282
4448,943.8654657920238
4451,1199.9830487385561
4464,1028.2462317511588
4468,1367.8460292981056
4475,1125.9344440035986
4476,1147.5479191788381
4478,832.7537049105889
4485,1426.851246863885
4503,767.7149454301762
4505,1301.9853563729216
4507,1292.5951568304063
4512,853.2495381471301
4514,925.0659458507587
4515,667.2878327318313
4517,708.9499041534348
4519,1150.8125530272287
4520,883.3715747891067
4522,1110.0533275119267
4535,978.0633284577875
4540,1108.3755815933232
4541,1373.372912895295
4542,1082.4464142175486
4550,1066.4678744281312
4554,1364.0718605341358
4563,1091.8036425173382
4569,1347.112882008953
4576,1372.9081397968234
4583,1043.211883797945
4589,1136.6096455008474
4605,1059.1338298009066
4607,813.2005434256473
4608,1196.8467095407852
4614,705.1994237372755
4624,1113.8626591150914
4626,785.499252282199
4631,1209.046934286843
4632,979.843704993995
4639,932.6747413829554
4641,814.5247148555386
4646,972.4087129020756
4650,1302.5659855267493
4657,918.3727493358494
4673,819.3027935806483
4685,1044.4187568223276
4686,1239.3685881544093
4690,1089.7704560822476
4693,1322.033566775137
4696,1050.928688546738
4699,1017.1134627013985
4705,776.6230740611222
4709,1302.8009030691833
4711,1433.3410568484107
4713,1401.635074967959
4717,940.9650414684454
4722,1279.1364970209854
4732,1016.6962296466405
4735,1140.2860329455102
4741,988.181926376399
4743,1340.6323287260375
4748,759.2729066681261
4752,1051.8418618051699
4769,1051.8126521822196
4772,948.4521818994891
4774,930.4714023966733
4776,1334.4591838527122
4780,1308.34764556601
4783,942.5371708032039
4788,966.6767614617664
4794,1110.430897306192
4798,965.3534799506701
4802,1256.0562725750322
4803,1309.457033112613
4813,1383.1534494388536
4814,948.415996553596
4817,1115.1313412577372
4820,1456.3644396978966
4823,1458.5689828785235
4827,1031.497946908544
4828,1181.0397087884962
4831,1223.360321063802
4834,1031.4636948479417
4837,990.2433681415304
4849,944.4737893818129
4852,1020.0304872707432
4857,1235.9916439137965
4868,726.0721374198249
4871,903.9478957217666
4872,1000.9140585073043
4873,776.8192674249626
4880,995.0217735256458
4882,694.1314367085141
4891,1320.4491329136042
4892,1415.6350946767745
4897,665.3947311706268
4899,1233.3030423851376
4900,1439.5456892739958
4901,1262.8125998097164
4904,1311.5621006392344
4909,959.3791883636992
4915,1197.688153302696
4920,1471.1952706729585
4930,1424.1578905346828
4933,1444.6465846562419
4943,869.623020660318
4948,1137.7292675373972
4950,831.1374216884724
4951,1221.593515611494
4956,950.0565250493808
4958,917.9991170883343
4961,963.0552874541363
4964,1327.287552238696
4975,1301.7758020294345
4976,1421.2795138716729
4979,1143.5946078935908
4983,1254.5592814494566
4984,932.0198296371708
4994,990.5216265724345
4996,847.8558787495406
5007,1155.996338841241
5013,958.0480895048136
5020,942.6318491815682
5027,1460.6291014391027
5029,899.7017160044954
5045,1022.9638143652043
5050,1072.0311011400993
5051,1230.6060151966606
5054,1111.3730780854858
5063,924.5065432764375
5072,1223.3666089127146
5083,1066.0649655947961
5091,1437.239824487613
5095,1427.3839859317059
5099,1235.7723379257638
5101,1215.5690445502191
5112,1246.9438861693232
5124,1078.2842734880135
5129,1027.0523811099085
5131,640.2477998493971
5134,1274.5469961800832
5138,684.7286567884735
5141,994.6476237444608
5145,917.1370258031933
5156,1245.690035823165
5157,735.9035607759806
5160,1058.1141562102746
5171,790.8084659539576
5172,1347.5224314979798
5182,1233.4201515546383
5184,1112.5535323832603
5191,1117.4854826142398
5194,1424.5764122176113
5197,1203.538818371018
5199,808.5493235536953
5203,1239.445526575251
5206,893.4280723447922
5207,1281.8749104390454
5213,1054.5572678329993
5214,1304.0260241289368
5215,1359.8114135152352
5222,1241.2994916940136
5227,1030.406203491437
5235,1143.7057266661654
5247,970.2649929128692
5251,1156.63693096245
5267,964.2967166703662
5270,1347.006375661092
5273,883.45815177288
5275,917.4900436336229
5280,1144.498447872703
5285,1093.9972886085784
5290,1431.5622448976706
5301,1367.0460132902797
5305,962.6570611957726
5307,1001.7697899853304
5310,751.941725508424
5317,1023.4502951370923
5324,980.4431822295405
5332,896.1628071888834
5333,1440.837485339216
5334,878.9935577655668
5341,1407.5799722460147
5352,1379.4318928201374
5360,938.8859904989363
5380,1037.899139029002
5382,1299.3253943955744
5397,1021.3119147216461
5399,1114.7700391391909
5400,1116.4604405564405
5404,1473.5515908134737
5406,1124.2788916459758
5407,1120.77487943393
5415,1213.2843620281055
5422,1315.503268344949
5437,1114.7534411656777
5441,1427.830920754012
5448,897.6225460539147
5455,795.7991248429025
5460,1102.0226231394493
5467,1488.168953626674
5468,913.4776201243958
5471,1374.0425941889139
5482,960.6799792239267
5490,1218.2373023791042
5492,1489.2595950210712
5493,1015.0982883922684
5494,773.3475986924268
5501,1206.6767713389318
5503,751.7440736857067
5504,944.8513888420623
5506,892.8496967035172
5507,1250.5125123857083
5517,797.1425542559086
5522,909.3903601241103
5528,899.2899190033876
5530,1424.9424812044967
5538,1192.3306077738648
5539,1352.4474551676433
5545,1040.6623614469127
5548,1184.5385863495299
5551,1242.679086075063
5560,1187.8289730789245
5562,1145.4777950352357
5571,663.2652641995787
5573,1179.2763306668555
5577,1002.6828100038545
5581,1144.6557070363242
5590,1415.840645222555
5596,1364.428361755785
5606,1245.4497134631329
5607,1264.7817442622784
5610,1233.3185895455817
5614,1016.000357727065
5618,1320.3004079061343
5624,1144.7568296783957
5628,1459.3305452115383
5636,1243.0404906035667
5639,957.7297181364822
5640,997.8743023456383
5649,1030.8128916803803
5652,1060.0738607228147
5654,843.2204809580418
5658,1403.5602305356038
5663,688.2048499666441
5666,1057.533796089998
5675,1043.1437724948162
5677,844.2847097503206
5701,1462.7496869464885
5703,1206.3607357976355
5704,1347.3493747394762
5710,1071.1603603897481
5712,1101.287413616772
5719,1368.6316978259817
5729,1259.8754377451623
5732,1137.2145474117428
5736,1387.8171752642738
5738,1179.4853019203447
5742,1294.2040617575028
5747,1119.3301984491554
5748,1188.964906128344
5749,944.5969072139399
5759,856.2098162541187
5765,1005.1855256741974
5767,1122.6056031510961
5769,1272.6987361433366
5771,1344.6248205201746
5786,795.1297603047
5787,1364.389422526247
5791,1167.1080351199278
5795,951.9141818177695
5796,1440.6705914298395
5799,1157.0329835794944
5803,1473.4845551140525
5806,1267.2267280603032
5815,1458.026936096758
5821,1081.3535907877335
5823,1240.5234694927235
5825,1168.649603574228
5827,1235.348519395623
5829,1032.359180484938
5834,1065.8947080509474
5852,1304.6610214959765
5854,992.6765887756058
5862,1406.1682853586515
5873,1067.2588289636774
5886,1119.519913738963
5903,1192.1050366516247
5904,1110.4445954817113
5909,1233.4968407155366
5911,1110.587065586803
5915,1053.678819206706
5923,850.5005173804363
5928,1024.5773116149041
5929,841.1751241894369
5939,847.0249765374792
5941,1051.189825714787
5946,1366.635164140708
5951,1246.8664927330822
5969,689.5363168577115
5971,1074.574623306327
5980,1289.4869601853961
5981,825.753934740891
5984,1184.7265980413433
5991,753.8590205169091
5999,1193.4430992158186
6002,1367.9780533830346
6005,1087.3494014481084
6006,907.6446538589028
6007,1249.437074839711
6022,1123.2552494864126
6028,1331.286901997117
6030,1127.1640786765938
6034,887.8333152595758
6040,1334.144917066371
6044,960.4919333567029
6046,1408.5037113065232
6061,1107.2576877505755
6063,1125.8378538546585
6071,1093.6576793477768
6077,691.0269326574893
6078,1546.3949781622407
6081,967.1662570216283
6082,919.1728484016405
6085,849.8179128039069
6086,847.028624287567
6089,787.9734273927234
6101,864.9452046935123
6102,1091.3503813741781
6109,798.956644998179
6118,1088.6809833657771
6121,1190.0481307534567
6124,1051.6768380328615
6129,934.401295024053
6135,1417.8798111428257
6148,936.0568052773707
6150,1100.411560317096
6158,1076.7316475016016
6162,977.2141574910538
6163,838.6486129095712
6164,836.5004918853843
6177,1268.5402906053423
6183,1155.575331518894
6197,1489.79818384383
6200,1016.8653797050962
6201,1059.3349640680242
6202,1341.0905606156412
6203,1470.805357029421
6210,1026.558786301329
6211,1194.0301205993142
6214,1247.3556575633818
6217,1405.363364847421
6218,1421.8057994293613
6222,1203.1370903882996
6224,826.196852091751
6232,1226.6501201491485
6235,956.7938434830121
6241,1018.8018141395879
6245,1168.100719136353
6249,962.2329320855234
6250,684.6268633507688
6253,1383.0822146010105
6256,1310.1820186353475
6262,1346.9531027291644
6267,961.5075825475806
6272,1227.9389660999038
6274,1094.8138741480066
6290,928.1781007982594
6292,802.8048121194798
6293,1445.478000551026
6298,716.0930467792558
6301,1341.1325034603656
6307,999.7157200461406
6309,1012.5458204094664
6310,891.607779879639
6322,1044.9147793212753
6324,1280.5005492551659
6326,1161.4775118911602
6329,1114.7314500054088
6330,1104.0003272600277
6333,1086.5278459466085
6339,1195.7895043586952
6341,863.5651292419485
6342,950.5150996384486
6350,1058.3991271491202
6351,967.1122816026856
6364,1026.9479440183875
6366,945.3947472763301
6373,1253.0078073140032
6386,1277.3659182104516
6393,1068.9931689361172
6401,1145.227462597054
6409,1344.4537379846522
6410,1433.6232062281172
6411,965.9588727538237
6413,1092.430058303411
6424,833.6334413989659
6425,751.3514941472808
6427,639.3498094679544
6428,1275.975422338557
6429,1500.9403147289772
6438,847.0233372061574
6441,1247.7335822701355
6443,939.442073786701
6450,1374.53146750692
6455,831.0101661651232
6467,724.0118199311253
6473,855.8508952040049
6474,1186.3441323401753
6476,1280.4008448881088
6479,852.4856860011436
6482,960.7672486318448
6483,1119.60336645821
6484,935.7184896797321
6487,1226.9878761226169
6493,964.5434328739534
6497,1182.4888835905663
6499,1268.7030967747444
6502,1456.6035874916258
6513,1201.975456524011
6517,1390.8939812181584
6518,640.8626402516721
6544,1107.8725039699243
6548,1078.3861788119011
6551,769.9272152962487
6553,1333.3770854280497
6562,1381.6214785375903
6572,1021.8197576009662
6591,910.3381832339833
6596,1078.770638608041
6600,1060.8510904054187
6604,874.2693100224278
6606,763.6999863665579
6608,1297.1491241822966
6609,1113.2644017498283
6621,1082.8529059720775
6622,770.7550110185414
6624,1114.0025172104374
6626,1254.8880287499674
6631,964.7853651982867
6632,1031.9408472027576
6635,1319.8420730433068
6642,1320.6314276508006
6647,670.4380990845842
6651,1330.6488385564328
6652,1109.8059799156347
6671,965.1974493095188
6673,870.6762456705909
6682,1241.4847836823628
6683,1445.0016318713367
6686,1267.8501996520224
6688,1066.9942197530413
6689,1370.6197372450242
6691,976.2556255459158
6718,1294.8208419733069
6728,1251.3427874954114
6729,1066.2923189088508
6741,1436.249096651099
6744,1346.2840873206499
6747,720.2739523832036
6750,1103.5342024768563
6752,1347.7546863073353
6754,1104.5405225250418
6755,1281.0782513198722
6756,1087.0476175290983
6757,1370.5385425371833
6760,1047.6486014356956
6766,1277.4542922875212
6769,1010.9864544088299
6775,1407.2197468508157
6776,1113.8695901648164
6790,1031.0041202022735
6791,1268.3593368258637
6795,1022.3225075830934
6801,884.8464999926687
6803,1151.9650104416983
6805,843.5763855965238
6809,935.4315746329776
6827,1368.0858935919957
6829,1001.998131263243
6830,1172.6271256785753
6831,726.7434921543108
6833,1114.70839305908
6835,1255.535331940387
6839,946.291248811861
6844,1301.7552043378887
6849,1107.2931040616058
6851,1175.8219102639473
6856,1272.412462365572
6857,1296.4170712199473
6862,953.5760215813879
6871,991.1953618399953
6872,941.7602600054194
6880,1084.3140288274462
6898,784.1032672610202
6907,1318.8287326900677
6912,1039.4314882785095
6914,914.8885507287057
6915,1024.24513909011
6919,975.0693479080485
6930,850.8113477828348
6940,859.9418720344203
6941,1062.5790916056421
6952,971.0763190364047
6954,1196.62457544129
6955,1429.050502443725
6956,1177.207538685815
6960,941.1437504803031
6963,1271.145697593857
6968,1341.2456126472403
6969,1446.2727893399815
6975,1063.3097255815267
6976,903.5453771386177
6978,1085.4894649461826
6990,1033.5574803709164
6991,1381.302120658284
6998,1063.8223949154572
7017,1363.2556028387671
7018,1262.5154885349991
7019,1256.9412675501321
7020,982.2589044335618
7024,1214.2253580324095
7033,1052.8375988759587
7037,798.1676034644993
7048,998.4379348429313
7052,973.0472966981927
7059,1228.0428576357813
7064,984.2052735709208
7073,1175.8839350504013
7078,1034.5511441099527
7079,1097.49521011083
7083,1106.5340697804259
7087,943.202275649253
7088,1127.4186381472243
7092,657.6630236191281
7094,1267.2453753054372
7109,1122.9450000693776
7111,672.7786593192639
7114,1314.7245767185696
7143,829.7458555620414
7145,1118.4488988204728
7147,1045.0892574378502
7151,887.5441205882553
7153,1449.0459818033448
7156,1176.9147145294576
7163,1323.0949181493202
7167,1233.84249360784
7170,1133.948351602597
7199,1353.0296792496802
7202,1472.981230682985
7204,1143.2851469693394
7205,928.8721154385838
7206,1444.3207049977482
7217,1257.132823400353
7221,1268.3236921005075
7229,1016.3506063309922
7232,1323.1340431113222
7235,1149.6948648329333
7236,881.834011104113
7260,1150.8122578085097
7262,1370.5315700963263
7263,1136.9228347634157
7268,1060.5481277702117
7282,778.3175973305104
7283,1062.6791543134088
7301,1007.0409098052806
7302,1058.8205824939164
7316,931.9047225135719
7324,1230.364588918681
7333,1328.8184306820772
7334,1351.203531267459
7343,1102.1141093192646
7349,992.649318337633
7365,1118.1358403377346
7372,935.838665540135
7375,945.7067287415446
7376,1068.5269466881575
7377,982.9624488864941
7378,1166.888660257887
7384,852.0885625315761
7389,1170.415997753089
7397,1358.0778968557765
7399,1298.638357063583
7400,1161.5962054579745
7406,977.0953091891585
7408,1221.7095343391159
7415,1160.4855433594864
7416,654.3306440026582
7418,1256.805531823709
7421,1093.7913417509967
7429,1136.532868756828
7431,847.8777988217462
7435,939.9542397756544
7437,750.3968420696929
7439,1116.7370997203327
7444,1319.3193099751795
7445,1286.781984643493
7455,864.2755084230582
7457,729.394263132568
7458,796.492259727857
7465,896.572968535121
7466,1072.9913759878652
7472,1307.556309685845
7476,1096.1562009333502
7478,1031.5523178607982
7485,1159.376210114698
7486,1183.487743269989
7488,1106.4683199709698
7489,1026.7741298957383
7493,1113.025471292688
7494,1245.0565102236073
7499,929.2259570834732
7501,1022.8272087573445
7508,646.3800148919765
7515,1119.8365089051406
7517,924.854084451019
7523,1452.6746619757769
7530,1072.7094612431376
7536,911.6378682012237
7538,890.4018804070498
7540,954.7549761146176
7549,1254.3886841137016
7566,848.2151200442123
7567,1509.2192387344505
7568,701.6071551432585
7574,1011.8616333454274
7579,1077.4653118679694
7586,744.7445115812656
7591,1156.6044716578895
7600,901.5061585320907
7602,1420.3641090041924
7607,1004.4476818570937
7615,1294.488124642803
7619,866.1714772151524
7620,1198.054284235256
7621,997.6069440429246
7622,1054.1115636929947
7624,886.6035272100751
7626,1147.6130426678615
7633,1542.0276216751045
7637,1196.1575171869322
7641,706.2241562431867
7643,924.0700132433328
7645,996.3497940402864
7647,987.6632085759557
7654,1466.0968100960117
7655,1042.2317577266163
7671,1029.8301311409516
7672,1130.965864078624
7685,970.3249112320194
7692,1299.7081104654721
7693,951.0559754569204
7696,1172.7440565309153
7700,1393.719448031623
7702,1089.7789707649483
7709,1018.5804245086024
7714,900.6881120623625
7723,959.7581327104145
7728,953.0081990376075
7729,1109.6845414294394
7736,1421.0222198982476
7737,909.331760174618
7738,931.026912873856
7740,741.3182256780278
7743,823.2995679891308
7744,936.9348166589631
7745,1399.9577688919978
7750,990.6987308546966
7751,776.1410467290546
7754,1464.463149368684
7764,1009.4129694599819
7771,1152.5207323380105
7773,940.7434736851312
7792,1190.6852487821375
7793,1303.8277526450202
7794,974.3435338261952
7802,1019.293172997263
7808,1323.1544908841724
7812,1356.9778716474284
7822,1385.1514672899048
7826,1149.2634348421748
7827,1288.7594432836236
7829,1108.8386287809676
7830,1116.9807593586756
7842,1404.1094523575039
7847,1421.422737864821
7851,1451.0286610759113
7854,1180.7431715577477
7855,1326.873293295574
7856,874.4000166906735
7873,972.9086169855273
7877,1133.067742055073
7880,1025.7165393001053
7881,1356.5564127351865
7883,1410.5258939287494
7887,1134.6273209559774
7888,1374.6634960191634
7889,976.1268576728648
7890,1192.7134318497283
7895,963.8140939088032
7897,822.2275197060576
7908,1284.7944628143896
7912,1121.3843770785047
7921,1088.6563148726098
7922,730.4713519338839
7931,846.2099830562497
7932,1415.3949532704296
7933,899.3729877901133
7935,1135.7508903292312
7937,1237.5561862223487
7939,1243.8895330176188
7943,1420.7385430371276
7950,1070.248417009983
7953,1040.8799915362324
7959,1089.9599076923134
7962,1099.316256787246
7963,1059.519208289988
7967,1272.9020625652945
7969,1015.1121517461905
7984,665.2813040880203
7992,1059.6064350110335
8001,938.1014659328343
8002,843.741346496942
8010,815.0768352130176
8014,1259.382402392788
8016,970.6305057785494
8021,913.1952970149715
8024,1428.135497569184
8025,1251.1047242693362
8029,991.7499310031455
8037,977.9730030492476
8070,987.970597314424
8073,1115.8143190792312
8075,1309.0557990787206
8077,1053.9528703567205
8079,829.0632478968804
8081,1399.5771131127244
8082,1331.815316260048
8085,949.2521748829831
8094,1102.4231736028582
8104,1195.793458349862
8108,775.8376873470793
8110,1163.762692852144
8120,990.9358076081978
8123,1078.8899277600385
8128,1143.6972602809863
8135,872.7231972985904
8137,770.1281617257862
8138,1218.0376765862256
8139,882.7072331844494
8143,1221.2086215886743
8147,1159.8033705446
8149,1486.3404652906083
8159,1311.7160456403376
8160,1237.7348692601456
8175,1023.0852481284493
8178,798.3371819558217
8179,1008.9594238400798
8181,960.6797307875775
8182,714.0461263821228
8188,1039.1550169707866
8192,1039.2983394815888
8202,1173.9045959985572
8205,821.9589689488474
8206,900.3090433972707
8208,1062.3383744766359
8215,744.9783762708232
8219,1519.4164019327231
8236,1228.9565616652324
8240,887.1253010298003
8242,1282.1674351402692
8243,1363.2243004136722
8244,1291.4800334634479
8248,1191.2035170682354
8261,1096.9054831843034
8263,844.7438029847536
8265,982.3396454433932
8267,938.9527744063377
8268,1445.0823640675849
8277,936.5084692111276
8279,745.1878308518908
8280,1400.9837201285873
8281,767.2508865488905
8282,946.82065831848
8284,831.445122861953
8285,1443.6937932111227
8286,1218.9794023249751
8288,1471.8487929479286
8297,801.614912433843
8305,1213.0810242215816
8306,1331.5890646224702
8311,1352.2174789674445
8314,1190.9628919448942
8317,903.2662981979914
8329,1156.3639357898767
8337,1049.9951599850865
8342,1007.3326260210533
8343,1278.875899668758
8344,1340.6371277700468
8356,894.1760430341126
8359,1432.2519416861403
8361,1033.0174543820774
8362,886.8131114993291
8363,1250.385504865867
8366,892.0513319351096
8383,1369.6970589292005
8385,853.1243562308264
8404,885.3873142009909
8414,788.5729306992841
8422,1079.3525060650477
8430,1447.1651081160283
8440,871.1305884203632
8441,1023.5245738029018
8447,1182.7154811674018
8448,1182.6488390942604
8459,1466.4616237879175
8464,1012.4799520393173
8467,1359.8136593517133
8468,938.0881487249184
8475,1468.9808271425177
8479,1235.820726642502
8482,985.7333300115713
8490,1448.8688401959623
8493,1341.2074195814687
8500,1318.3990071848723
8501,1201.4680007534905
8502,1205.7936238656398
8504,877.771059742468
8518,900.7194584259955
8519,1055.8388171293839
8521,1056.3748814011772
8526,844.1734574540847
8527,961.8222309797334
8533,1468.4923347800586
8536,1339.276574600182
8538,1340.5670536160817
8540,1349.5415863679987
8556,959.6559241622356
8567,1408.1608643218551
8571,1167.367439862782
8575,1053.6150833550803
8576,1193.7335382697522
8582,892.4485644718517
8583,1452.0420051925175
8584,682.7846702868605
8599,902.8946605713019
8606,1306.3465644107696
8608,1044.9321042016495
8612,1065.896987031526
8613,759.3468251383706
8615,1474.0880398440959
8619,1350.7345164441185
8630,1054.387142431333
8637,1111.0994450837368
8651,1313.4857069544798
8653,794.5453982230156
8661,899.0997967401624
8664,1258.2248914434406
8665,796.0130702057121
8671,1381.3372249177291
8673,1021.1196548677536
8675,954.834558668431
8682,1518.421763203042
8684,776.2838594487556
8686,967.272912054798
8695,749.2365997560298
8697,1110.8984900916141
8700,959.9432586634412
8702,1164.157132813505
8704,1187.0568139420022
8707,1192.8928426389332
8709,1072.9089901443178
8710,1501.7057427000375
8715,1065.324972116229
8720,1249.1187969914265
8721,979.7729295336646
8723,1054.0294817223557
8729,1178.3619357773368
8730,1321.3181009742818
8732,959.1530228030763
8744,1443.3804070831538
8750,1378.4298757197334
8757,1246.716551750041
8758,1393.8719651223319
8762,1357.1034794369991
8763,1282.0686475900043
8765,1194.8212023693006
8772,1268.9365000390533
8774,1194.1250434137407
8777,1393.172220808493
8783,1227.651635474345
8792,1458.9130865136572
8794,871.0902859254593
8795,1223.9895919201308
8800,882.8018498867626
8804,1017.8841018357015
8820,1203.7364750508018
8825,1150.3454752037956
8828,933.8487023027329
8833,862.4424220754888
8835,1032.032209997243
8840,1196.285868740379
8847,1283.6486674496489
8848,665.0829227536689
8850,828.0343193905873
8851,1002.0325568795395
8859,1062.8471117245358
8865,954.3684535534562
8869,1539.9124703460907
8871,1219.0603495278745
8880,1301.77575323383
8882,1292.7521327183208
8895,1223.2169793323694
8896,1007.8298482663607
8898,1344.0948075808567
8899,993.3368295232394
8911,803.7867458534158
8922,1200.8645612516061
8923,1126.4634392518929
8931,952.7880791014403
8934,1052.0766290925737
8941,1098.927538949105
8945,861.1378548651719
8947,1331.474118442628
8948,1322.3878590332565
8962,1002.25398036725
8966,886.7209714612957
8971,1150.33206499518
8973,791.8626396052491
8974,1021.1399086740714
8986,1072.230975780454
8991,1435.168203796642
9000,1138.1141849261176
9002,946.4863434670942
9019,984.1826808501417
9020,946.5083566852804
9031,1251.8044747668407
9039,1033.6988870305797
9040,1170.2420871061042
9044,1307.6050340913514
9045,827.7865171883418
9050,1389.8842044801643
9051,1232.1563300358441
9054,1414.6051436223913
9055,1109.9053849863742
9057,998.2485627233854
9064,1166.3269580005563
9069,922.2761188923964
9084,1384.402609960993
9085,1236.806075470646
9086,889.2376291044179
9089,768.4587821033672
9097,1039.6497403059993
9101,1212.3842062387976
9102,838.8562007512564
9103,839.5469176578799
9113,1256.8640720593792
9116,893.9541397174551
9124,1067.5592970339765
9130,1294.2305007816883
9135,1241.3912900276175
9138,868.1878782245756
9143,856.3930671155761
9145,1066.674449995748
9149,1428.6988249523476
9150,1189.0893067898126
9156,1040.3042793447196
9162,1000.963454962916
9166,1181.3983015006138
9171,861.3300501833244
9172,931.5180666511519
9174,1249.3798278429836
9177,1349.4656699405884
9187,1227.858865165503
9188,1413.8503802189746
9190,898.8131641592576
9191,997.2644132901387
9195,974.589995742302
9201,1076.223887163544
9203,1230.2286725768495
9204,902.3691655252956
9213,1089.2523796936146
9215,1138.520701362279
9218,1096.0942444659634
9234,1499.9359672150563
9239,1002.7274097495158
9240,1053.2660625338513
9276,837.6468113510248
9278,1179.0473530437127
9309,1307.46175955733
9313,1240.5551981301448
9318,905.7669266399398
9335,1009.969102469085
9336,1244.9252406416635
9341,1143.093427971022
9343,999.362456748339
9347,989.522333024985
9352,1350.0004449294972
9363,956.132680620272
9367,1392.9555294546585
9392,975.9111108822017
9394,1094.4348956592069
9401,1170.7719619279128
9407,1060.6437445561141
9411,895.0772821437024
9412,1232.0389918385993
9413,984.7733573445465
9415,1122.9589063101537
9418,1313.097281063155
9420,1420.4794961685902
9421,691.7002063936022
9433,1044.6868528842554
9437,911.9613836006336
9446,1098.9266183839745
9448,855.9875322386531
9460,1001.5725410115481
9476,1085.8601079608172
9477,1271.5573340987921
9486,722.9173669347972
9495,1254.7083914831471
9496,917.7590754461581
9500,683.4321052259854
9509,1245.7917394506
9511,1156.7184959140259
9516,888.3507347760459
9526,935.6006369075814
9536,830.586105373941
9542,1067.5244913758104
9547,870.8543836361213
9548,859.8909940354065
9549,1436.3938473034011
9567,1013.9754876521718
9570,722.6499779989738
9575,1406.355055315415
9579,1387.523058061971
9580,1170.654142688475
9588,1040.9303948253296
9594,1348.2660499861452
9609,1495.012261373203
9616,1308.7196357591122
9630,1502.7906369646944
9644,996.2457060984129
9645,1390.4157858086505
9647,1112.4981381547848
9656,930.9712393324133
9658,1380.6336201932263
9684,1233.4734962134314
9686,1177.4489439923843
9690,924.8694336659753
9697,1433.7377329034966
9700,1367.7289225585414
9701,664.8459004360986
9702,872.242683396312
9710,1096.06299219267
9713,815.1728132874152
9716,1101.0673665492504
9730,1313.2227374505485
9732,1054.7035024206843
9734,962.4694690794721
9746,1021.4695784128947
9754,1073.4748404659306
9766,810.5774754909744
9767,1307.1723378687752
9768,1093.1592084987892
9769,1226.7328349491197
9773,918.1034172178511
9784,747.6948636192955
9785,1180.3388514112155
9786,752.5973776641009
9787,1055.3378863664366
9792,1028.3899976261437
9809,952.9576383517579
9814,1246.1349623726148
9829,794.3345978789541
9830,1167.2255482472522
9833,1405.5667754744914
9834,1089.3790562541228
9835,1327.1541067143164
9858,1107.959596739374
9861,906.1354697515333
9863,1143.8342020756975
9872,1444.4444993384755
9874,952.0538141213821
9875,1265.9951626965083
9893,1313.6642397048845
9894,999.3525147733752
9897,701.9157162128272
9910,1411.0106838403133
9914,884.2688799750777
9918,726.4489611776087
9920,1315.4354023117949
9921,1058.57421928896
9931,1051.8426718606888
9933,1136.5434977994526
9939,1359.0902400931386
9943,1253.2591808065997
9948,960.2423899691416
9960,922.4471890468898
9965,1282.557407144239
9966,930.5343851575215
9967,1322.3837365073869
9973,1312.9720465964801
9975,853.9189558061119
9976,928.9411303708684
9978,1226.2635600744877
9990,1457.8697614972684
9994,1263.3147713634237
9999,833.3666184257655
